:job_id:01000000
2026-06-29 08:16:56 - common.settings - INFO - No .env file was detected. Using environment variables as is
2026-06-29 08:16:56 - common.services.transcription_services.transcription_manager - INFO - registered transcription service azure_stt_synchronous
2026-06-29 08:16:56 - common.services.transcription_services.transcription_manager - INFO - registered transcription service azure_stt_batch
2026-06-29 08:16:56 - common.services.template_manager - INFO - successfully registered template: Cabinet
2026-06-29 08:16:56 - common.services.template_manager - INFO - successfully registered template: Care Assessment V2
2026-06-29 08:16:56 - common.services.template_manager - INFO - successfully registered template: Delivery
2026-06-29 08:16:56 - common.services.template_manager - INFO - successfully registered template: Short 'n' Sweet
2026-06-29 08:16:56 - common.services.template_manager - INFO - successfully registered template: General
2026-06-29 08:16:56 - common.services.template_manager - INFO - successfully registered template: Planning Committee
:actor_name:RayTranscriptionService
2026-06-29 08:16:56 - worker.ray_recieve_service - INFO - Ray Transcription receive service initialised
2026-06-29 08:16:56 - worker.ray_recieve_service - INFO - Receiving transcription messages
2026-06-29 08:17:16 - worker.ray_recieve_service - INFO - Receiving transcription messages
2026-06-29 08:17:36 - worker.ray_recieve_service - INFO - Receiving transcription messages
2026-06-29 08:17:56 - worker.ray_recieve_service - INFO - Receiving transcription messages
2026-06-29 08:18:16 - worker.ray_recieve_service - INFO - Receiving transcription messages
2026-06-29 08:18:36 - worker.ray_recieve_service - INFO - Receiving transcription messages
2026-06-29 08:18:50 - worker.ray_recieve_service - INFO - Received minute id for transcription: 1db9509a-9f25-4dda-bab2-95d2f94d1bff
2026-06-29 08:18:50 - common.audio.ffmpeg - INFO - Getting number of audio stream using ffprobe
2026-06-29 08:18:50 - common.audio.ffmpeg - INFO - Successfully got number of channels using ffprobe: channels=2
2026-06-29 08:18:50 - common.audio.ffmpeg - INFO - Probing input file for audio streams
2026-06-29 08:18:50 - common.audio.ffmpeg - INFO - FFmpeg command completed successfully
2026-06-29 08:18:50 - common.audio.ffmpeg - INFO - Getting audio duration using ffprobe
2026-06-29 08:18:50 - common.audio.ffmpeg - INFO - Successfully got duration using ffprobe: duration=98.481633
2026-06-29 08:18:56 - httpx - INFO - HTTP Request: POST https://swedencentral.api.cognitive.microsoft.com/speechtotext/transcriptions:transcribe?api-version=2024-11-15 "HTTP/1.1 200 OK"
2026-06-29 08:18:56 - google_genai.models - INFO - AFC is enabled with max remote calls: 10.
2026-06-29 08:18:57 - google_genai.models - INFO - AFC is enabled with max remote calls: 10.
2026-06-29 08:18:58 - worker.ray_recieve_service - INFO - Transcription complete for minute id 1db9509a-9f25-4dda-bab2-95d2f94d1bff complete
2026-06-29 08:18:58 - worker.ray_recieve_service - INFO - Receiving transcription messages
2026-06-29 08:19:18 - worker.ray_recieve_service - INFO - Receiving transcription messages
2026-06-29 08:19:38 - worker.ray_recieve_service - INFO - Receiving transcription messages
2026-06-29 08:19:58 - worker.ray_recieve_service - INFO - Receiving transcription messages
2026-06-29 08:20:18 - worker.ray_recieve_service - INFO - Receiving transcription messages
2026-06-29 08:20:38 - worker.ray_recieve_service - INFO - Receiving transcription messages
2026-06-29 08:20:58 - worker.ray_recieve_service - INFO - Receiving transcription messages
2026-06-29 08:21:18 - worker.ray_recieve_service - INFO - Receiving transcription messages
2026-06-29 08:21:38 - worker.ray_recieve_service - INFO - Receiving transcription messages
2026-06-29 08:21:58 - worker.ray_recieve_service - INFO - Receiving transcription messages
2026-06-29 08:22:18 - worker.ray_recieve_service - INFO - Receiving transcription messages
2026-06-29 08:22:38 - worker.ray_recieve_service - INFO - Receiving transcription messages
2026-06-29 08:22:58 - worker.ray_recieve_service - INFO - Receiving transcription messages
2026-06-29 08:23:18 - worker.ray_recieve_service - INFO - Receiving transcription messages
2026-06-29 08:23:38 - worker.ray_recieve_service - INFO - Receiving transcription messages
2026-06-29 08:23:58 - worker.ray_recieve_service - INFO - Receiving transcription messages
2026-06-29 08:24:18 - worker.ray_recieve_service - INFO - Receiving transcription messages
2026-06-29 08:24:38 - worker.ray_recieve_service - INFO - Receiving transcription messages
2026-06-29 08:24:58 - worker.ray_recieve_service - INFO - Receiving transcription messages
2026-06-29 08:25:18 - worker.ray_recieve_service - INFO - Receiving transcription messages
2026-06-29 08:25:38 - worker.ray_recieve_service - INFO - Receiving transcription messages
2026-06-29 08:25:58 - worker.ray_recieve_service - INFO - Receiving transcription messages
2026-06-29 08:26:18 - worker.ray_recieve_service - INFO - Receiving transcription messages
2026-06-29 08:26:38 - worker.ray_recieve_service - INFO - Receiving transcription messages
2026-06-29 08:26:58 - worker.ray_recieve_service - INFO - Receiving transcription messages
2026-06-29 08:27:18 - worker.ray_recieve_service - INFO - Receiving transcription messages
2026-06-29 08:27:38 - worker.ray_recieve_service - INFO - Receiving transcription messages
2026-06-29 08:27:58 - worker.ray_recieve_service - INFO - Receiving transcription messages
2026-06-29 08:28:18 - worker.ray_recieve_service - INFO - Receiving transcription messages
2026-06-29 08:28:38 - worker.ray_recieve_service - INFO - Receiving transcription messages
2026-06-29 08:28:58 - worker.ray_recieve_service - INFO - Receiving transcription messages
2026-06-29 08:29:18 - worker.ray_recieve_service - INFO - Receiving transcription messages
2026-06-29 08:29:38 - worker.ray_recieve_service - INFO - Receiving transcription messages
2026-06-29 08:29:58 - worker.ray_recieve_service - INFO - Receiving transcription messages
2026-06-29 08:30:18 - worker.ray_recieve_service - INFO - Receiving transcription messages
2026-06-29 08:30:38 - worker.ray_recieve_service - INFO - Receiving transcription messages
2026-06-29 08:30:58 - worker.ray_recieve_service - INFO - Receiving transcription messages
2026-06-29 08:31:18 - worker.ray_recieve_service - INFO - Receiving transcription messages
2026-06-29 08:31:38 - worker.ray_recieve_service - INFO - Receiving transcription messages
2026-06-29 08:31:58 - worker.ray_recieve_service - INFO - Receiving transcription messages
2026-06-29 08:32:18 - worker.ray_recieve_service - INFO - Receiving transcription messages
2026-06-29 08:32:38 - worker.ray_recieve_service - INFO - Receiving transcription messages
2026-06-29 08:32:58 - worker.ray_recieve_service - INFO - Receiving transcription messages
2026-06-29 08:33:18 - worker.ray_recieve_service - INFO - Receiving transcription messages
2026-06-29 08:33:38 - worker.ray_recieve_service - INFO - Receiving transcription messages
2026-06-29 08:33:58 - worker.ray_recieve_service - INFO - Receiving transcription messages
2026-06-29 08:34:18 - worker.ray_recieve_service - INFO - Receiving transcription messages
2026-06-29 08:34:38 - worker.ray_recieve_service - INFO - Receiving transcription messages
2026-06-29 08:34:58 - worker.ray_recieve_service - INFO - Receiving transcription messages
2026-06-29 08:35:18 - worker.ray_recieve_service - INFO - Receiving transcription messages
2026-06-29 08:35:38 - worker.ray_recieve_service - INFO - Receiving transcription messages
2026-06-29 08:35:58 - worker.ray_recieve_service - INFO - Receiving transcription messages
2026-06-29 08:36:18 - worker.ray_recieve_service - INFO - Receiving transcription messages
2026-06-29 08:36:38 - worker.ray_recieve_service - INFO - Receiving transcription messages
2026-06-29 08:36:58 - worker.ray_recieve_service - INFO - Receiving transcription messages
2026-06-29 08:37:18 - worker.ray_recieve_service - INFO - Receiving transcription messages
2026-06-29 08:37:38 - worker.ray_recieve_service - INFO - Receiving transcription messages
2026-06-29 08:37:58 - worker.ray_recieve_service - INFO - Receiving transcription messages
2026-06-29 08:38:18 - worker.ray_recieve_service - INFO - Receiving transcription messages
2026-06-29 08:38:38 - worker.ray_recieve_service - INFO - Receiving transcription messages
2026-06-29 08:38:58 - worker.ray_recieve_service - INFO - Receiving transcription messages
2026-06-29 08:39:18 - worker.ray_recieve_service - INFO - Receiving transcription messages
2026-06-29 08:39:38 - worker.ray_recieve_service - INFO - Receiving transcription messages
2026-06-29 08:39:58 - worker.ray_recieve_service - INFO - Receiving transcription messages
2026-06-29 08:40:18 - worker.ray_recieve_service - INFO - Receiving transcription messages
2026-06-29 08:40:38 - worker.ray_recieve_service - INFO - Receiving transcription messages
2026-06-29 08:40:58 - worker.ray_recieve_service - INFO - Receiving transcription messages
2026-06-29 08:41:18 - worker.ray_recieve_service - INFO - Receiving transcription messages
2026-06-29 08:41:38 - worker.ray_recieve_service - INFO - Receiving transcription messages
2026-06-29 08:41:58 - worker.ray_recieve_service - INFO - Receiving transcription messages
2026-06-29 08:42:18 - worker.ray_recieve_service - INFO - Receiving transcription messages
2026-06-29 08:42:38 - worker.ray_recieve_service - INFO - Receiving transcription messages
2026-06-29 08:42:58 - worker.ray_recieve_service - INFO - Receiving transcription messages
2026-06-29 08:43:18 - worker.ray_recieve_service - INFO - Receiving transcription messages
2026-06-29 08:43:38 - worker.ray_recieve_service - INFO - Receiving transcription messages
2026-06-29 08:43:58 - worker.ray_recieve_service - INFO - Receiving transcription messages
2026-06-29 08:44:18 - worker.ray_recieve_service - INFO - Receiving transcription messages
2026-06-29 08:44:38 - worker.ray_recieve_service - INFO - Receiving transcription messages
2026-06-29 08:44:58 - worker.ray_recieve_service - INFO - Receiving transcription messages
2026-06-29 08:45:18 - worker.ray_recieve_service - INFO - Receiving transcription messages
2026-06-29 08:45:38 - worker.ray_recieve_service - INFO - Receiving transcription messages
2026-06-29 08:45:58 - worker.ray_recieve_service - INFO - Receiving transcription messages
2026-06-29 08:46:18 - worker.ray_recieve_service - INFO - Receiving transcription messages
2026-06-29 08:46:38 - worker.ray_recieve_service - INFO - Receiving transcription messages
2026-06-29 08:46:59 - worker.ray_recieve_service - INFO - Receiving transcription messages
2026-06-29 08:47:19 - worker.ray_recieve_service - INFO - Receiving transcription messages
2026-06-29 08:47:39 - worker.ray_recieve_service - INFO - Receiving transcription messages
2026-06-29 08:47:59 - worker.ray_recieve_service - INFO - Receiving transcription messages
2026-06-29 08:48:19 - worker.ray_recieve_service - INFO - Receiving transcription messages
2026-06-29 08:48:39 - worker.ray_recieve_service - INFO - Receiving transcription messages
2026-06-29 08:48:59 - worker.ray_recieve_service - INFO - Receiving transcription messages
2026-06-29 08:49:19 - worker.ray_recieve_service - INFO - Receiving transcription messages
2026-06-29 08:49:39 - worker.ray_recieve_service - INFO - Receiving transcription messages
2026-06-29 08:49:59 - worker.ray_recieve_service - INFO - Receiving transcription messages
2026-06-29 08:50:19 - worker.ray_recieve_service - INFO - Receiving transcription messages
2026-06-29 08:50:39 - worker.ray_recieve_service - INFO - Receiving transcription messages
2026-06-29 08:50:59 - worker.ray_recieve_service - INFO - Receiving transcription messages
2026-06-29 08:51:19 - worker.ray_recieve_service - INFO - Receiving transcription messages
2026-06-29 08:51:39 - worker.ray_recieve_service - INFO - Receiving transcription messages
2026-06-29 08:51:59 - worker.ray_recieve_service - INFO - Receiving transcription messages
2026-06-29 08:52:19 - worker.ray_recieve_service - INFO - Receiving transcription messages
2026-06-29 08:52:39 - worker.ray_recieve_service - INFO - Receiving transcription messages
2026-06-29 08:52:59 - worker.ray_recieve_service - INFO - Receiving transcription messages
2026-06-29 08:53:19 - worker.ray_recieve_service - INFO - Receiving transcription messages
2026-06-29 08:53:39 - worker.ray_recieve_service - INFO - Receiving transcription messages
2026-06-29 08:53:59 - worker.ray_recieve_service - INFO - Receiving transcription messages
2026-06-29 08:54:19 - worker.ray_recieve_service - INFO - Receiving transcription messages
2026-06-29 08:54:39 - worker.ray_recieve_service - INFO - Receiving transcription messages
2026-06-29 08:54:59 - worker.ray_recieve_service - INFO - Receiving transcription messages
2026-06-29 08:55:19 - worker.ray_recieve_service - INFO - Receiving transcription messages
2026-06-29 08:55:39 - worker.ray_recieve_service - INFO - Receiving transcription messages
2026-06-29 08:55:59 - worker.ray_recieve_service - INFO - Receiving transcription messages
2026-06-29 08:56:19 - worker.ray_recieve_service - INFO - Receiving transcription messages
2026-06-29 08:56:39 - worker.ray_recieve_service - INFO - Receiving transcription messages
2026-06-29 08:56:59 - worker.ray_recieve_service - INFO - Receiving transcription messages
2026-06-29 08:57:19 - worker.ray_recieve_service - INFO - Receiving transcription messages
2026-06-29 08:57:39 - worker.ray_recieve_service - INFO - Receiving transcription messages
2026-06-29 08:57:59 - worker.ray_recieve_service - INFO - Receiving transcription messages
2026-06-29 08:58:19 - worker.ray_recieve_service - INFO - Receiving transcription messages
2026-06-29 08:58:39 - worker.ray_recieve_service - INFO - Receiving transcription messages
2026-06-29 08:58:59 - worker.ray_recieve_service - INFO - Receiving transcription messages
2026-06-29 08:59:19 - worker.ray_recieve_service - INFO - Receiving transcription messages
2026-06-29 08:59:39 - worker.ray_recieve_service - INFO - Receiving transcription messages
2026-06-29 08:59:59 - worker.ray_recieve_service - INFO - Receiving transcription messages
2026-06-29 09:00:19 - worker.ray_recieve_service - INFO - Receiving transcription messages
2026-06-29 09:00:39 - worker.ray_recieve_service - INFO - Receiving transcription messages
2026-06-29 09:00:59 - worker.ray_recieve_service - INFO - Receiving transcription messages
2026-06-29 09:01:19 - worker.ray_recieve_service - INFO - Receiving transcription messages
2026-06-29 09:01:39 - worker.ray_recieve_service - INFO - Receiving transcription messages
2026-06-29 09:01:59 - worker.ray_recieve_service - INFO - Receiving transcription messages
2026-06-29 09:02:19 - worker.ray_recieve_service - INFO - Receiving transcription messages
2026-06-29 09:02:39 - worker.ray_recieve_service - INFO - Receiving transcription messages
2026-06-29 09:02:59 - worker.ray_recieve_service - INFO - Receiving transcription messages
2026-06-29 09:03:19 - worker.ray_recieve_service - INFO - Receiving transcription messages
2026-06-29 09:03:39 - worker.ray_recieve_service - INFO - Receiving transcription messages
2026-06-29 09:03:59 - worker.ray_recieve_service - INFO - Receiving transcription messages
2026-06-29 09:04:19 - worker.ray_recieve_service - INFO - Receiving transcription messages
2026-06-29 09:04:39 - worker.ray_recieve_service - INFO - Receiving transcription messages
2026-06-29 09:04:59 - worker.ray_recieve_service - INFO - Receiving transcription messages
2026-06-29 09:05:19 - worker.ray_recieve_service - INFO - Receiving transcription messages
2026-06-29 09:05:39 - worker.ray_recieve_service - INFO - Receiving transcription messages
2026-06-29 09:05:59 - worker.ray_recieve_service - INFO - Receiving transcription messages
2026-06-29 09:06:19 - worker.ray_recieve_service - INFO - Receiving transcription messages
2026-06-29 09:06:39 - worker.ray_recieve_service - INFO - Receiving transcription messages
2026-06-29 09:06:59 - worker.ray_recieve_service - INFO - Receiving transcription messages
2026-06-29 09:07:19 - worker.ray_recieve_service - INFO - Receiving transcription messages
2026-06-29 09:07:39 - worker.ray_recieve_service - INFO - Receiving transcription messages
2026-06-29 09:07:59 - worker.ray_recieve_service - INFO - Receiving transcription messages
2026-06-29 09:08:19 - worker.ray_recieve_service - INFO - Receiving transcription messages
2026-06-29 09:08:39 - worker.ray_recieve_service - INFO - Receiving transcription messages
2026-06-29 09:08:59 - worker.ray_recieve_service - INFO - Receiving transcription messages
2026-06-29 09:09:19 - worker.ray_recieve_service - INFO - Receiving transcription messages
2026-06-29 09:09:39 - worker.ray_recieve_service - INFO - Receiving transcription messages
2026-06-29 09:09:59 - worker.ray_recieve_service - INFO - Receiving transcription messages
2026-06-29 09:10:19 - worker.ray_recieve_service - INFO - Receiving transcription messages
2026-06-29 09:10:39 - worker.ray_recieve_service - INFO - Receiving transcription messages
2026-06-29 09:10:59 - worker.ray_recieve_service - INFO - Receiving transcription messages
2026-06-29 09:11:19 - worker.ray_recieve_service - INFO - Receiving transcription messages
2026-06-29 09:11:39 - worker.ray_recieve_service - INFO - Receiving transcription messages
2026-06-29 09:11:59 - worker.ray_recieve_service - INFO - Receiving transcription messages
2026-06-29 09:12:19 - worker.ray_recieve_service - INFO - Receiving transcription messages
2026-06-29 09:12:39 - worker.ray_recieve_service - INFO - Receiving transcription messages
2026-06-29 09:12:59 - worker.ray_recieve_service - INFO - Receiving transcription messages
2026-06-29 09:13:19 - worker.ray_recieve_service - INFO - Receiving transcription messages
2026-06-29 09:13:39 - worker.ray_recieve_service - INFO - Receiving transcription messages
2026-06-29 09:13:59 - worker.ray_recieve_service - INFO - Receiving transcription messages
2026-06-29 09:14:19 - worker.ray_recieve_service - INFO - Receiving transcription messages
2026-06-29 09:14:39 - worker.ray_recieve_service - INFO - Receiving transcription messages
2026-06-29 09:14:59 - worker.ray_recieve_service - INFO - Receiving transcription messages
2026-06-29 09:15:19 - worker.ray_recieve_service - INFO - Receiving transcription messages
2026-06-29 09:15:39 - worker.ray_recieve_service - INFO - Receiving transcription messages
2026-06-29 09:15:59 - worker.ray_recieve_service - INFO - Receiving transcription messages
2026-06-29 09:16:19 - worker.ray_recieve_service - INFO - Receiving transcription messages
2026-06-29 09:16:39 - worker.ray_recieve_service - INFO - Receiving transcription messages
2026-06-29 09:16:59 - worker.ray_recieve_service - INFO - Receiving transcription messages
2026-06-29 09:17:19 - worker.ray_recieve_service - INFO - Receiving transcription messages
2026-06-29 09:17:39 - worker.ray_recieve_service - INFO - Receiving transcription messages
2026-06-29 09:17:59 - worker.ray_recieve_service - INFO - Receiving transcription messages
2026-06-29 09:18:19 - worker.ray_recieve_service - INFO - Receiving transcription messages
2026-06-29 09:18:39 - worker.ray_recieve_service - INFO - Receiving transcription messages
2026-06-29 09:18:59 - worker.ray_recieve_service - INFO - Receiving transcription messages
2026-06-29 09:19:19 - worker.ray_recieve_service - INFO - Receiving transcription messages
2026-06-29 09:19:39 - worker.ray_recieve_service - INFO - Receiving transcription messages
2026-06-29 09:19:59 - worker.ray_recieve_service - INFO - Receiving transcription messages
2026-06-29 09:20:19 - worker.ray_recieve_service - INFO - Receiving transcription messages
2026-06-29 09:20:39 - worker.ray_recieve_service - INFO - Receiving transcription messages
2026-06-29 09:20:59 - worker.ray_recieve_service - INFO - Receiving transcription messages
2026-06-29 09:21:19 - worker.ray_recieve_service - INFO - Receiving transcription messages
2026-06-29 09:21:39 - worker.ray_recieve_service - INFO - Receiving transcription messages
2026-06-29 09:21:59 - worker.ray_recieve_service - INFO - Receiving transcription messages
2026-06-29 09:22:19 - worker.ray_recieve_service - INFO - Receiving transcription messages
2026-06-29 09:22:39 - worker.ray_recieve_service - INFO - Receiving transcription messages
2026-06-29 09:23:00 - worker.ray_recieve_service - INFO - Receiving transcription messages
2026-06-29 09:23:20 - worker.ray_recieve_service - INFO - Receiving transcription messages
2026-06-29 09:23:40 - worker.ray_recieve_service - INFO - Receiving transcription messages
2026-06-29 09:24:00 - worker.ray_recieve_service - INFO - Receiving transcription messages
2026-06-29 09:24:20 - worker.ray_recieve_service - INFO - Receiving transcription messages
2026-06-29 09:24:40 - worker.ray_recieve_service - INFO - Receiving transcription messages
2026-06-29 09:25:00 - worker.ray_recieve_service - INFO - Receiving transcription messages
2026-06-29 09:25:20 - worker.ray_recieve_service - INFO - Receiving transcription messages
2026-06-29 09:25:40 - worker.ray_recieve_service - INFO - Receiving transcription messages
2026-06-29 09:26:00 - worker.ray_recieve_service - INFO - Receiving transcription messages
2026-06-29 09:26:20 - worker.ray_recieve_service - INFO - Receiving transcription messages
2026-06-29 09:26:40 - worker.ray_recieve_service - INFO - Receiving transcription messages
2026-06-29 09:27:00 - worker.ray_recieve_service - INFO - Receiving transcription messages
2026-06-29 09:27:20 - worker.ray_recieve_service - INFO - Receiving transcription messages
2026-06-29 09:27:40 - worker.ray_recieve_service - INFO - Receiving transcription messages
2026-06-29 09:28:00 - worker.ray_recieve_service - INFO - Receiving transcription messages
2026-06-29 09:28:20 - worker.ray_recieve_service - INFO - Receiving transcription messages
2026-06-29 09:28:40 - worker.ray_recieve_service - INFO - Receiving transcription messages
2026-06-29 09:29:00 - worker.ray_recieve_service - INFO - Receiving transcription messages
2026-06-29 09:29:20 - worker.ray_recieve_service - INFO - Receiving transcription messages
2026-06-29 09:29:40 - worker.ray_recieve_service - INFO - Receiving transcription messages
2026-06-29 09:30:00 - worker.ray_recieve_service - INFO - Receiving transcription messages
2026-06-29 09:30:20 - worker.ray_recieve_service - INFO - Receiving transcription messages
2026-06-29 09:30:40 - worker.ray_recieve_service - INFO - Receiving transcription messages
2026-06-29 09:31:00 - worker.ray_recieve_service - INFO - Receiving transcription messages
2026-06-29 09:31:20 - worker.ray_recieve_service - INFO - Receiving transcription messages
2026-06-29 09:31:40 - worker.ray_recieve_service - INFO - Receiving transcription messages
2026-06-29 09:32:00 - worker.ray_recieve_service - INFO - Receiving transcription messages
2026-06-29 09:32:20 - worker.ray_recieve_service - INFO - Receiving transcription messages
2026-06-29 09:32:40 - worker.ray_recieve_service - INFO - Receiving transcription messages
2026-06-29 09:33:00 - worker.ray_recieve_service - INFO - Receiving transcription messages
2026-06-29 09:33:20 - worker.ray_recieve_service - INFO - Receiving transcription messages
2026-06-29 09:33:40 - worker.ray_recieve_service - INFO - Receiving transcription messages
2026-06-29 09:34:00 - worker.ray_recieve_service - INFO - Receiving transcription messages
2026-06-29 09:34:20 - worker.ray_recieve_service - INFO - Receiving transcription messages
2026-06-29 09:34:40 - worker.ray_recieve_service - INFO - Receiving transcription messages
2026-06-29 09:35:00 - worker.ray_recieve_service - INFO - Receiving transcription messages
2026-06-29 09:35:20 - worker.ray_recieve_service - INFO - Receiving transcription messages
2026-06-29 09:35:40 - worker.ray_recieve_service - INFO - Receiving transcription messages
2026-06-29 09:36:00 - worker.ray_recieve_service - INFO - Receiving transcription messages
2026-06-29 09:36:20 - worker.ray_recieve_service - INFO - Receiving transcription messages
2026-06-29 09:36:40 - worker.ray_recieve_service - INFO - Receiving transcription messages
2026-06-29 09:37:00 - worker.ray_recieve_service - INFO - Receiving transcription messages
2026-06-29 09:37:20 - worker.ray_recieve_service - INFO - Receiving transcription messages
2026-06-29 09:37:40 - worker.ray_recieve_service - INFO - Receiving transcription messages
2026-06-29 09:38:00 - worker.ray_recieve_service - INFO - Receiving transcription messages
2026-06-29 09:38:20 - worker.ray_recieve_service - INFO - Receiving transcription messages
2026-06-29 09:38:40 - worker.ray_recieve_service - INFO - Receiving transcription messages
2026-06-29 09:39:00 - worker.ray_recieve_service - INFO - Receiving transcription messages
2026-06-29 09:39:20 - worker.ray_recieve_service - INFO - Receiving transcription messages
2026-06-29 09:39:40 - worker.ray_recieve_service - INFO - Receiving transcription messages
2026-06-29 09:40:00 - worker.ray_recieve_service - INFO - Receiving transcription messages
2026-06-29 09:40:20 - worker.ray_recieve_service - INFO - Receiving transcription messages
2026-06-29 09:40:40 - worker.ray_recieve_service - INFO - Receiving transcription messages
2026-06-29 09:41:00 - worker.ray_recieve_service - INFO - Receiving transcription messages
2026-06-29 09:41:20 - worker.ray_recieve_service - INFO - Receiving transcription messages
2026-06-29 09:41:40 - worker.ray_recieve_service - INFO - Receiving transcription messages
2026-06-29 09:42:00 - worker.ray_recieve_service - INFO - Receiving transcription messages
2026-06-29 09:42:20 - worker.ray_recieve_service - INFO - Receiving transcription messages
2026-06-29 09:42:40 - worker.ray_recieve_service - INFO - Receiving transcription messages
2026-06-29 09:43:00 - worker.ray_recieve_service - INFO - Receiving transcription messages
2026-06-29 09:43:20 - worker.ray_recieve_service - INFO - Receiving transcription messages
2026-06-29 09:43:40 - worker.ray_recieve_service - INFO - Receiving transcription messages
2026-06-29 09:44:00 - worker.ray_recieve_service - INFO - Receiving transcription messages
2026-06-29 09:44:20 - worker.ray_recieve_service - INFO - Receiving transcription messages
2026-06-29 09:44:40 - worker.ray_recieve_service - INFO - Receiving transcription messages
2026-06-29 09:45:00 - worker.ray_recieve_service - INFO - Receiving transcription messages
2026-06-29 09:45:20 - worker.ray_recieve_service - INFO - Receiving transcription messages
2026-06-29 09:45:40 - worker.ray_recieve_service - INFO - Receiving transcription messages
2026-06-29 09:46:00 - worker.ray_recieve_service - INFO - Receiving transcription messages
2026-06-29 09:46:20 - worker.ray_recieve_service - INFO - Receiving transcription messages
2026-06-29 09:46:40 - worker.ray_recieve_service - INFO - Receiving transcription messages
2026-06-29 09:47:00 - worker.ray_recieve_service - INFO - Receiving transcription messages
2026-06-29 09:47:20 - worker.ray_recieve_service - INFO - Receiving transcription messages
2026-06-29 09:47:40 - worker.ray_recieve_service - INFO - Receiving transcription messages
2026-06-29 09:48:00 - worker.ray_recieve_service - INFO - Receiving transcription messages
2026-06-29 09:48:20 - worker.ray_recieve_service - INFO - Receiving transcription messages
2026-06-29 09:48:40 - worker.ray_recieve_service - INFO - Receiving transcription messages
2026-06-29 09:49:00 - worker.ray_recieve_service - INFO - Receiving transcription messages
2026-06-29 09:49:20 - worker.ray_recieve_service - INFO - Receiving transcription messages
2026-06-29 09:49:40 - worker.ray_recieve_service - INFO - Receiving transcription messages
2026-06-29 09:50:00 - worker.ray_recieve_service - INFO - Receiving transcription messages
2026-06-29 09:50:20 - worker.ray_recieve_service - INFO - Receiving transcription messages
2026-06-29 09:50:40 - worker.ray_recieve_service - INFO - Receiving transcription messages
2026-06-29 09:51:00 - worker.ray_recieve_service - INFO - Receiving transcription messages
2026-06-29 09:51:20 - worker.ray_recieve_service - INFO - Receiving transcription messages
2026-06-29 09:51:40 - worker.ray_recieve_service - INFO - Receiving transcription messages
2026-06-29 09:52:00 - worker.ray_recieve_service - INFO - Receiving transcription messages
2026-06-29 09:52:20 - worker.ray_recieve_service - INFO - Receiving transcription messages
2026-06-29 09:52:40 - worker.ray_recieve_service - INFO - Receiving transcription messages
2026-06-29 09:53:00 - worker.ray_recieve_service - INFO - Receiving transcription messages
2026-06-29 09:53:20 - worker.ray_recieve_service - INFO - Receiving transcription messages
2026-06-29 09:53:40 - worker.ray_recieve_service - INFO - Receiving transcription messages
2026-06-29 09:54:00 - worker.ray_recieve_service - INFO - Receiving transcription messages
2026-06-29 09:54:20 - worker.ray_recieve_service - INFO - Receiving transcription messages
2026-06-29 09:54:40 - worker.ray_recieve_service - INFO - Receiving transcription messages
2026-06-29 09:55:00 - worker.ray_recieve_service - INFO - Receiving transcription messages
2026-06-29 09:55:20 - worker.ray_recieve_service - INFO - Receiving transcription messages
2026-06-29 09:55:40 - worker.ray_recieve_service - INFO - Receiving transcription messages
2026-06-29 09:56:00 - worker.ray_recieve_service - INFO - Receiving transcription messages
2026-06-29 09:56:20 - worker.ray_recieve_service - INFO - Receiving transcription messages
2026-06-29 09:56:40 - worker.ray_recieve_service - INFO - Receiving transcription messages
2026-06-29 09:57:00 - worker.ray_recieve_service - INFO - Receiving transcription messages
2026-06-29 09:57:20 - worker.ray_recieve_service - INFO - Receiving transcription messages
2026-06-29 09:57:40 - worker.ray_recieve_service - INFO - Receiving transcription messages
2026-06-29 09:58:00 - worker.ray_recieve_service - INFO - Receiving transcription messages
2026-06-29 09:58:20 - worker.ray_recieve_service - INFO - Receiving transcription messages
2026-06-29 09:58:40 - worker.ray_recieve_service - INFO - Receiving transcription messages
2026-06-29 09:59:00 - worker.ray_recieve_service - INFO - Receiving transcription messages
2026-06-29 09:59:20 - worker.ray_recieve_service - INFO - Receiving transcription messages
2026-06-29 09:59:40 - worker.ray_recieve_service - INFO - Receiving transcription messages
2026-06-29 10:00:00 - worker.ray_recieve_service - INFO - Receiving transcription messages
2026-06-29 10:00:20 - worker.ray_recieve_service - INFO - Receiving transcription messages
2026-06-29 10:00:40 - worker.ray_recieve_service - INFO - Receiving transcription messages
2026-06-29 10:01:00 - worker.ray_recieve_service - INFO - Receiving transcription messages
2026-06-29 10:01:20 - worker.ray_recieve_service - INFO - Receiving transcription messages
2026-06-29 10:01:40 - worker.ray_recieve_service - INFO - Receiving transcription messages
2026-06-29 10:02:00 - worker.ray_recieve_service - INFO - Receiving transcription messages
2026-06-29 10:02:20 - worker.ray_recieve_service - INFO - Receiving transcription messages
2026-06-29 10:02:40 - worker.ray_recieve_service - INFO - Receiving transcription messages
2026-06-29 10:03:00 - worker.ray_recieve_service - INFO - Receiving transcription messages
2026-06-29 10:03:20 - worker.ray_recieve_service - INFO - Receiving transcription messages
2026-06-29 10:03:40 - worker.ray_recieve_service - INFO - Receiving transcription messages
2026-06-29 10:04:00 - worker.ray_recieve_service - INFO - Receiving transcription messages
2026-06-29 10:04:20 - worker.ray_recieve_service - INFO - Receiving transcription messages
2026-06-29 10:04:40 - worker.ray_recieve_service - INFO - Receiving transcription messages
2026-06-29 10:05:00 - worker.ray_recieve_service - INFO - Receiving transcription messages
2026-06-29 10:05:20 - worker.ray_recieve_service - INFO - Receiving transcription messages
2026-06-29 10:05:40 - worker.ray_recieve_service - INFO - Receiving transcription messages
2026-06-29 10:06:00 - worker.ray_recieve_service - INFO - Receiving transcription messages
2026-06-29 10:06:20 - worker.ray_recieve_service - INFO - Receiving transcription messages
2026-06-29 10:06:40 - worker.ray_recieve_service - INFO - Receiving transcription messages
2026-06-29 10:07:00 - worker.ray_recieve_service - INFO - Receiving transcription messages
2026-06-29 10:07:20 - worker.ray_recieve_service - INFO - Receiving transcription messages
2026-06-29 10:07:40 - worker.ray_recieve_service - INFO - Receiving transcription messages
2026-06-29 10:08:00 - worker.ray_recieve_service - INFO - Receiving transcription messages
2026-06-29 10:08:20 - worker.ray_recieve_service - INFO - Receiving transcription messages
2026-06-29 10:08:40 - worker.ray_recieve_service - INFO - Receiving transcription messages
2026-06-29 10:09:01 - worker.ray_recieve_service - INFO - Receiving transcription messages
2026-06-29 10:09:21 - worker.ray_recieve_service - INFO - Receiving transcription messages
2026-06-29 10:09:41 - worker.ray_recieve_service - INFO - Receiving transcription messages
2026-06-29 10:10:01 - worker.ray_recieve_service - INFO - Receiving transcription messages
2026-06-29 10:10:21 - worker.ray_recieve_service - INFO - Receiving transcription messages
2026-06-29 10:10:41 - worker.ray_recieve_service - INFO - Receiving transcription messages
2026-06-29 10:11:01 - worker.ray_recieve_service - INFO - Receiving transcription messages
2026-06-29 10:11:21 - worker.ray_recieve_service - INFO - Receiving transcription messages
2026-06-29 10:11:41 - worker.ray_recieve_service - INFO - Receiving transcription messages
2026-06-29 10:12:01 - worker.ray_recieve_service - INFO - Receiving transcription messages
2026-06-29 10:12:21 - worker.ray_recieve_service - INFO - Receiving transcription messages
2026-06-29 10:12:41 - worker.ray_recieve_service - INFO - Receiving transcription messages
2026-06-29 10:13:01 - worker.ray_recieve_service - INFO - Receiving transcription messages
2026-06-29 10:13:21 - worker.ray_recieve_service - INFO - Receiving transcription messages
2026-06-29 10:13:41 - worker.ray_recieve_service - INFO - Receiving transcription messages
2026-06-29 10:14:01 - worker.ray_recieve_service - INFO - Receiving transcription messages
2026-06-29 10:14:21 - worker.ray_recieve_service - INFO - Receiving transcription messages
2026-06-29 10:14:41 - worker.ray_recieve_service - INFO - Receiving transcription messages
2026-06-29 10:15:01 - worker.ray_recieve_service - INFO - Receiving transcription messages
2026-06-29 10:15:21 - worker.ray_recieve_service - INFO - Receiving transcription messages
2026-06-29 10:15:41 - worker.ray_recieve_service - INFO - Receiving transcription messages
2026-06-29 10:16:01 - worker.ray_recieve_service - INFO - Receiving transcription messages
2026-06-29 10:16:21 - worker.ray_recieve_service - INFO - Receiving transcription messages
2026-06-29 10:16:41 - worker.ray_recieve_service - INFO - Receiving transcription messages
2026-06-29 10:17:01 - worker.ray_recieve_service - INFO - Receiving transcription messages
2026-06-29 10:17:21 - worker.ray_recieve_service - INFO - Receiving transcription messages
2026-06-29 10:17:41 - worker.ray_recieve_service - INFO - Receiving transcription messages
2026-06-29 10:18:01 - worker.ray_recieve_service - INFO - Receiving transcription messages
2026-06-29 10:18:21 - worker.ray_recieve_service - INFO - Receiving transcription messages
2026-06-29 10:18:41 - worker.ray_recieve_service - INFO - Receiving transcription messages
2026-06-29 10:19:01 - worker.ray_recieve_service - INFO - Receiving transcription messages
2026-06-29 10:19:21 - worker.ray_recieve_service - INFO - Receiving transcription messages
2026-06-29 10:19:41 - worker.ray_recieve_service - INFO - Receiving transcription messages
2026-06-29 10:20:01 - worker.ray_recieve_service - INFO - Receiving transcription messages
2026-06-29 10:20:21 - worker.ray_recieve_service - INFO - Receiving transcription messages
2026-06-29 10:20:41 - worker.ray_recieve_service - INFO - Receiving transcription messages
2026-06-29 10:21:01 - worker.ray_recieve_service - INFO - Receiving transcription messages
2026-06-29 10:21:21 - worker.ray_recieve_service - INFO - Receiving transcription messages
2026-06-29 10:21:41 - worker.ray_recieve_service - INFO - Receiving transcription messages
2026-06-29 10:22:01 - worker.ray_recieve_service - INFO - Receiving transcription messages
2026-06-29 10:22:21 - worker.ray_recieve_service - INFO - Receiving transcription messages
2026-06-29 10:22:41 - worker.ray_recieve_service - INFO - Receiving transcription messages
2026-06-29 10:23:01 - worker.ray_recieve_service - INFO - Receiving transcription messages
2026-06-29 10:23:21 - worker.ray_recieve_service - INFO - Receiving transcription messages
2026-06-29 10:23:41 - worker.ray_recieve_service - INFO - Receiving transcription messages
2026-06-29 10:24:01 - worker.ray_recieve_service - INFO - Receiving transcription messages
2026-06-29 10:24:21 - worker.ray_recieve_service - INFO - Receiving transcription messages
2026-06-29 10:24:41 - worker.ray_recieve_service - INFO - Receiving transcription messages
2026-06-29 10:25:01 - worker.ray_recieve_service - INFO - Receiving transcription messages
2026-06-29 10:25:21 - worker.ray_recieve_service - INFO - Receiving transcription messages
2026-06-29 10:25:41 - worker.ray_recieve_service - INFO - Receiving transcription messages
2026-06-29 10:26:01 - worker.ray_recieve_service - INFO - Receiving transcription messages
2026-06-29 10:26:21 - worker.ray_recieve_service - INFO - Receiving transcription messages
2026-06-29 10:26:41 - worker.ray_recieve_service - INFO - Receiving transcription messages
2026-06-29 10:27:01 - worker.ray_recieve_service - INFO - Receiving transcription messages
2026-06-29 10:27:21 - worker.ray_recieve_service - INFO - Receiving transcription messages
2026-06-29 10:27:41 - worker.ray_recieve_service - INFO - Receiving transcription messages
2026-06-29 10:28:01 - worker.ray_recieve_service - INFO - Receiving transcription messages
2026-06-29 10:28:21 - worker.ray_recieve_service - INFO - Receiving transcription messages
2026-06-29 10:28:41 - worker.ray_recieve_service - INFO - Receiving transcription messages
2026-06-29 10:29:01 - worker.ray_recieve_service - INFO - Receiving transcription messages
2026-06-29 10:29:21 - worker.ray_recieve_service - INFO - Receiving transcription messages
2026-06-29 10:29:41 - worker.ray_recieve_service - INFO - Receiving transcription messages
2026-06-29 10:30:01 - worker.ray_recieve_service - INFO - Receiving transcription messages
2026-06-29 10:30:21 - worker.ray_recieve_service - INFO - Receiving transcription messages
2026-06-29 10:30:41 - worker.ray_recieve_service - INFO - Receiving transcription messages
2026-06-29 10:31:01 - worker.ray_recieve_service - INFO - Receiving transcription messages
2026-06-29 10:31:21 - worker.ray_recieve_service - INFO - Receiving transcription messages
2026-06-29 10:31:41 - worker.ray_recieve_service - INFO - Receiving transcription messages
2026-06-29 10:32:01 - worker.ray_recieve_service - INFO - Receiving transcription messages
2026-06-29 10:32:21 - worker.ray_recieve_service - INFO - Receiving transcription messages
2026-06-29 10:32:41 - worker.ray_recieve_service - INFO - Receiving transcription messages
2026-06-29 10:33:01 - worker.ray_recieve_service - INFO - Receiving transcription messages
2026-06-29 10:33:21 - worker.ray_recieve_service - INFO - Receiving transcription messages
2026-06-29 10:33:41 - worker.ray_recieve_service - INFO - Receiving transcription messages
2026-06-29 10:34:01 - worker.ray_recieve_service - INFO - Receiving transcription messages
2026-06-29 10:34:21 - worker.ray_recieve_service - INFO - Receiving transcription messages
2026-06-29 10:34:41 - worker.ray_recieve_service - INFO - Receiving transcription messages
2026-06-29 10:35:01 - worker.ray_recieve_service - INFO - Receiving transcription messages
2026-06-29 10:35:21 - worker.ray_recieve_service - INFO - Receiving transcription messages
2026-06-29 10:35:41 - worker.ray_recieve_service - INFO - Receiving transcription messages
2026-06-29 10:36:01 - worker.ray_recieve_service - INFO - Receiving transcription messages
2026-06-29 10:36:21 - worker.ray_recieve_service - INFO - Receiving transcription messages
2026-06-29 10:36:41 - worker.ray_recieve_service - INFO - Receiving transcription messages
2026-06-29 10:37:01 - worker.ray_recieve_service - INFO - Receiving transcription messages
2026-06-29 10:37:21 - worker.ray_recieve_service - INFO - Receiving transcription messages
2026-06-29 10:37:41 - worker.ray_recieve_service - INFO - Receiving transcription messages
2026-06-29 10:38:01 - worker.ray_recieve_service - INFO - Receiving transcription messages
2026-06-29 10:38:21 - worker.ray_recieve_service - INFO - Receiving transcription messages
2026-06-29 10:38:41 - worker.ray_recieve_service - INFO - Receiving transcription messages
2026-06-29 10:39:01 - worker.ray_recieve_service - INFO - Receiving transcription messages
2026-06-29 10:39:21 - worker.ray_recieve_service - INFO - Receiving transcription messages
2026-06-29 10:39:41 - worker.ray_recieve_service - INFO - Receiving transcription messages
2026-06-29 10:40:01 - worker.ray_recieve_service - INFO - Receiving transcription messages
2026-06-29 10:40:21 - worker.ray_recieve_service - INFO - Receiving transcription messages
2026-06-29 10:40:41 - worker.ray_recieve_service - INFO - Receiving transcription messages
2026-06-29 10:41:01 - worker.ray_recieve_service - INFO - Receiving transcription messages
2026-06-29 10:41:21 - worker.ray_recieve_service - INFO - Receiving transcription messages
2026-06-29 10:41:41 - worker.ray_recieve_service - INFO - Receiving transcription messages
2026-06-29 10:42:01 - worker.ray_recieve_service - INFO - Receiving transcription messages
2026-06-29 10:42:21 - worker.ray_recieve_service - INFO - Receiving transcription messages
2026-06-29 10:42:41 - worker.ray_recieve_service - INFO - Receiving transcription messages
2026-06-29 10:43:01 - worker.ray_recieve_service - INFO - Receiving transcription messages
2026-06-29 10:43:21 - worker.ray_recieve_service - INFO - Receiving transcription messages
2026-06-29 10:43:41 - worker.ray_recieve_service - INFO - Receiving transcription messages
2026-06-29 10:44:01 - worker.ray_recieve_service - INFO - Receiving transcription messages
2026-06-29 10:44:21 - worker.ray_recieve_service - INFO - Receiving transcription messages
2026-06-29 10:44:41 - worker.ray_recieve_service - INFO - Receiving transcription messages
2026-06-29 10:45:01 - worker.ray_recieve_service - INFO - Receiving transcription messages
2026-06-29 10:45:21 - worker.ray_recieve_service - INFO - Receiving transcription messages
2026-06-29 10:45:41 - worker.ray_recieve_service - INFO - Receiving transcription messages
2026-06-29 10:46:01 - worker.ray_recieve_service - INFO - Receiving transcription messages
2026-06-29 10:46:22 - worker.ray_recieve_service - INFO - Receiving transcription messages
2026-06-29 10:46:42 - worker.ray_recieve_service - INFO - Receiving transcription messages
2026-06-29 10:47:02 - worker.ray_recieve_service - INFO - Receiving transcription messages
2026-06-29 10:47:22 - worker.ray_recieve_service - INFO - Receiving transcription messages
2026-06-29 10:47:42 - worker.ray_recieve_service - INFO - Receiving transcription messages
2026-06-29 10:48:02 - worker.ray_recieve_service - INFO - Receiving transcription messages
2026-06-29 10:48:22 - worker.ray_recieve_service - INFO - Receiving transcription messages
2026-06-29 10:48:42 - worker.ray_recieve_service - INFO - Receiving transcription messages
2026-06-29 10:49:02 - worker.ray_recieve_service - INFO - Receiving transcription messages
2026-06-29 10:49:22 - worker.ray_recieve_service - INFO - Receiving transcription messages
2026-06-29 10:49:42 - worker.ray_recieve_service - INFO - Receiving transcription messages
2026-06-29 10:50:02 - worker.ray_recieve_service - INFO - Receiving transcription messages
2026-06-29 10:50:22 - worker.ray_recieve_service - INFO - Receiving transcription messages
2026-06-29 10:50:42 - worker.ray_recieve_service - INFO - Receiving transcription messages
2026-06-29 10:51:02 - worker.ray_recieve_service - INFO - Receiving transcription messages
2026-06-29 10:51:22 - worker.ray_recieve_service - INFO - Receiving transcription messages
2026-06-29 10:51:42 - worker.ray_recieve_service - INFO - Receiving transcription messages
2026-06-29 10:52:02 - worker.ray_recieve_service - INFO - Receiving transcription messages
2026-06-29 10:52:22 - worker.ray_recieve_service - INFO - Receiving transcription messages
2026-06-29 10:52:42 - worker.ray_recieve_service - INFO - Receiving transcription messages
2026-06-29 10:53:02 - worker.ray_recieve_service - INFO - Receiving transcription messages
2026-06-29 10:53:22 - worker.ray_recieve_service - INFO - Receiving transcription messages
2026-06-29 10:53:42 - worker.ray_recieve_service - INFO - Receiving transcription messages
2026-06-29 10:54:02 - worker.ray_recieve_service - INFO - Receiving transcription messages
2026-06-29 10:54:22 - worker.ray_recieve_service - INFO - Receiving transcription messages
2026-06-29 10:54:42 - worker.ray_recieve_service - INFO - Receiving transcription messages
2026-06-29 10:55:02 - worker.ray_recieve_service - INFO - Receiving transcription messages
2026-06-29 10:55:22 - worker.ray_recieve_service - INFO - Receiving transcription messages
2026-06-29 10:55:42 - worker.ray_recieve_service - INFO - Receiving transcription messages
2026-06-29 10:56:02 - worker.ray_recieve_service - INFO - Receiving transcription messages
2026-06-29 10:56:22 - worker.ray_recieve_service - INFO - Receiving transcription messages
2026-06-29 10:56:42 - worker.ray_recieve_service - INFO - Receiving transcription messages
2026-06-29 10:57:02 - worker.ray_recieve_service - INFO - Receiving transcription messages
2026-06-29 10:57:22 - worker.ray_recieve_service - INFO - Receiving transcription messages
2026-06-29 10:57:42 - worker.ray_recieve_service - INFO - Receiving transcription messages
2026-06-29 10:58:02 - worker.ray_recieve_service - INFO - Receiving transcription messages
2026-06-29 10:58:22 - worker.ray_recieve_service - INFO - Receiving transcription messages
2026-06-29 10:58:42 - worker.ray_recieve_service - INFO - Receiving transcription messages
2026-06-29 10:59:02 - worker.ray_recieve_service - INFO - Receiving transcription messages
2026-06-29 10:59:22 - worker.ray_recieve_service - INFO - Receiving transcription messages
2026-06-29 10:59:42 - worker.ray_recieve_service - INFO - Receiving transcription messages
2026-06-29 11:00:02 - worker.ray_recieve_service - INFO - Receiving transcription messages
2026-06-29 11:00:22 - worker.ray_recieve_service - INFO - Receiving transcription messages
2026-06-29 11:00:42 - worker.ray_recieve_service - INFO - Receiving transcription messages
2026-06-29 11:01:02 - worker.ray_recieve_service - INFO - Receiving transcription messages
2026-06-29 11:01:22 - worker.ray_recieve_service - INFO - Receiving transcription messages
2026-06-29 11:01:42 - worker.ray_recieve_service - INFO - Receiving transcription messages
2026-06-29 11:02:02 - worker.ray_recieve_service - INFO - Receiving transcription messages
2026-06-29 11:02:22 - worker.ray_recieve_service - INFO - Receiving transcription messages
2026-06-29 11:02:42 - worker.ray_recieve_service - INFO - Receiving transcription messages
2026-06-29 11:03:02 - worker.ray_recieve_service - INFO - Receiving transcription messages
2026-06-29 11:03:22 - worker.ray_recieve_service - INFO - Receiving transcription messages
2026-06-29 11:03:42 - worker.ray_recieve_service - INFO - Receiving transcription messages
2026-06-29 11:04:02 - worker.ray_recieve_service - INFO - Receiving transcription messages
2026-06-29 11:04:22 - worker.ray_recieve_service - INFO - Receiving transcription messages
2026-06-29 11:04:42 - worker.ray_recieve_service - INFO - Receiving transcription messages
2026-06-29 11:05:02 - worker.ray_recieve_service - INFO - Receiving transcription messages
2026-06-29 11:05:22 - worker.ray_recieve_service - INFO - Receiving transcription messages
2026-06-29 11:05:42 - worker.ray_recieve_service - INFO - Receiving transcription messages
2026-06-29 11:06:02 - worker.ray_recieve_service - INFO - Receiving transcription messages
2026-06-29 11:06:22 - worker.ray_recieve_service - INFO - Receiving transcription messages
2026-06-29 11:06:42 - worker.ray_recieve_service - INFO - Receiving transcription messages
2026-06-29 11:07:02 - worker.ray_recieve_service - INFO - Receiving transcription messages
2026-06-29 11:07:22 - worker.ray_recieve_service - INFO - Receiving transcription messages
2026-06-29 11:07:42 - worker.ray_recieve_service - INFO - Receiving transcription messages
2026-06-29 11:08:02 - worker.ray_recieve_service - INFO - Receiving transcription messages
2026-06-29 11:08:22 - worker.ray_recieve_service - INFO - Receiving transcription messages
2026-06-29 11:08:42 - worker.ray_recieve_service - INFO - Receiving transcription messages
2026-06-29 11:09:02 - worker.ray_recieve_service - INFO - Receiving transcription messages
2026-06-29 11:09:22 - worker.ray_recieve_service - INFO - Receiving transcription messages
2026-06-29 11:09:42 - worker.ray_recieve_service - INFO - Receiving transcription messages
2026-06-29 11:10:02 - worker.ray_recieve_service - INFO - Receiving transcription messages
2026-06-29 11:10:22 - worker.ray_recieve_service - INFO - Receiving transcription messages
2026-06-29 11:10:42 - worker.ray_recieve_service - INFO - Receiving transcription messages
2026-06-29 11:11:02 - worker.ray_recieve_service - INFO - Receiving transcription messages
2026-06-29 11:11:22 - worker.ray_recieve_service - INFO - Receiving transcription messages
2026-06-29 11:11:42 - worker.ray_recieve_service - INFO - Receiving transcription messages
2026-06-29 11:12:02 - worker.ray_recieve_service - INFO - Receiving transcription messages
2026-06-29 11:12:22 - worker.ray_recieve_service - INFO - Receiving transcription messages
2026-06-29 11:12:42 - worker.ray_recieve_service - INFO - Receiving transcription messages
2026-06-29 11:13:02 - worker.ray_recieve_service - INFO - Receiving transcription messages
2026-06-29 11:13:22 - worker.ray_recieve_service - INFO - Receiving transcription messages
2026-06-29 11:13:42 - worker.ray_recieve_service - INFO - Receiving transcription messages
2026-06-29 11:14:02 - worker.ray_recieve_service - INFO - Receiving transcription messages
2026-06-29 11:14:22 - worker.ray_recieve_service - INFO - Receiving transcription messages
2026-06-29 11:14:42 - worker.ray_recieve_service - INFO - Receiving transcription messages
2026-06-29 11:15:02 - worker.ray_recieve_service - INFO - Receiving transcription messages
2026-06-29 11:15:22 - worker.ray_recieve_service - INFO - Receiving transcription messages
2026-06-29 11:15:42 - worker.ray_recieve_service - INFO - Receiving transcription messages
2026-06-29 11:16:02 - worker.ray_recieve_service - INFO - Receiving transcription messages
2026-06-29 11:16:22 - worker.ray_recieve_service - INFO - Receiving transcription messages
2026-06-29 11:16:42 - worker.ray_recieve_service - INFO - Receiving transcription messages
2026-06-29 11:17:02 - worker.ray_recieve_service - INFO - Receiving transcription messages
2026-06-29 11:17:22 - worker.ray_recieve_service - INFO - Receiving transcription messages
2026-06-29 11:17:42 - worker.ray_recieve_service - INFO - Receiving transcription messages
2026-06-29 11:18:02 - worker.ray_recieve_service - INFO - Receiving transcription messages
2026-06-29 11:18:22 - worker.ray_recieve_service - INFO - Receiving transcription messages
2026-06-29 11:18:42 - worker.ray_recieve_service - INFO - Receiving transcription messages
2026-06-29 11:19:02 - worker.ray_recieve_service - INFO - Receiving transcription messages
2026-06-29 11:19:22 - worker.ray_recieve_service - INFO - Receiving transcription messages
2026-06-29 11:19:42 - worker.ray_recieve_service - INFO - Receiving transcription messages
2026-06-29 11:20:02 - worker.ray_recieve_service - INFO - Receiving transcription messages
2026-06-29 11:20:22 - worker.ray_recieve_service - INFO - Receiving transcription messages
2026-06-29 11:20:42 - worker.ray_recieve_service - INFO - Receiving transcription messages
2026-06-29 11:21:02 - worker.ray_recieve_service - INFO - Receiving transcription messages
2026-06-29 11:21:22 - worker.ray_recieve_service - INFO - Receiving transcription messages
2026-06-29 11:21:42 - worker.ray_recieve_service - INFO - Receiving transcription messages
2026-06-29 11:22:02 - worker.ray_recieve_service - INFO - Receiving transcription messages
2026-06-29 11:22:22 - worker.ray_recieve_service - INFO - Receiving transcription messages
2026-06-29 11:22:42 - worker.ray_recieve_service - INFO - Receiving transcription messages
2026-06-29 11:23:02 - worker.ray_recieve_service - INFO - Receiving transcription messages
2026-06-29 11:23:22 - worker.ray_recieve_service - INFO - Receiving transcription messages
2026-06-29 11:23:42 - worker.ray_recieve_service - INFO - Receiving transcription messages
2026-06-29 11:24:03 - worker.ray_recieve_service - INFO - Receiving transcription messages
2026-06-29 11:24:23 - worker.ray_recieve_service - INFO - Receiving transcription messages
2026-06-29 11:24:43 - worker.ray_recieve_service - INFO - Receiving transcription messages
2026-06-29 11:25:03 - worker.ray_recieve_service - INFO - Receiving transcription messages
2026-06-29 11:25:23 - worker.ray_recieve_service - INFO - Receiving transcription messages
2026-06-29 11:25:43 - worker.ray_recieve_service - INFO - Receiving transcription messages
2026-06-29 11:26:03 - worker.ray_recieve_service - INFO - Receiving transcription messages
2026-06-29 11:26:23 - worker.ray_recieve_service - INFO - Receiving transcription messages
2026-06-29 11:26:43 - worker.ray_recieve_service - INFO - Receiving transcription messages
2026-06-29 11:27:03 - worker.ray_recieve_service - INFO - Receiving transcription messages
2026-06-29 11:27:23 - worker.ray_recieve_service - INFO - Receiving transcription messages
2026-06-29 11:27:43 - worker.ray_recieve_service - INFO - Receiving transcription messages
2026-06-29 11:28:03 - worker.ray_recieve_service - INFO - Receiving transcription messages
2026-06-29 11:28:23 - worker.ray_recieve_service - INFO - Receiving transcription messages
2026-06-29 11:28:43 - worker.ray_recieve_service - INFO - Receiving transcription messages
2026-06-29 11:29:03 - worker.ray_recieve_service - INFO - Receiving transcription messages
2026-06-29 11:29:23 - worker.ray_recieve_service - INFO - Receiving transcription messages
2026-06-29 11:29:43 - worker.ray_recieve_service - INFO - Receiving transcription messages
2026-06-29 11:30:03 - worker.ray_recieve_service - INFO - Receiving transcription messages
2026-06-29 11:30:23 - worker.ray_recieve_service - INFO - Receiving transcription messages
2026-06-29 11:30:43 - worker.ray_recieve_service - INFO - Receiving transcription messages
2026-06-29 11:31:03 - worker.ray_recieve_service - INFO - Receiving transcription messages
2026-06-29 11:31:23 - worker.ray_recieve_service - INFO - Receiving transcription messages
2026-06-29 11:31:43 - worker.ray_recieve_service - INFO - Receiving transcription messages
2026-06-29 11:32:03 - worker.ray_recieve_service - INFO - Receiving transcription messages
2026-06-29 11:32:23 - worker.ray_recieve_service - INFO - Receiving transcription messages
2026-06-29 11:32:43 - worker.ray_recieve_service - INFO - Receiving transcription messages
2026-06-29 11:33:03 - worker.ray_recieve_service - INFO - Receiving transcription messages
2026-06-29 11:33:23 - worker.ray_recieve_service - INFO - Receiving transcription messages
2026-06-29 11:33:43 - worker.ray_recieve_service - INFO - Receiving transcription messages
2026-06-29 11:34:03 - worker.ray_recieve_service - INFO - Receiving transcription messages
2026-06-29 11:34:23 - worker.ray_recieve_service - INFO - Receiving transcription messages
2026-06-29 11:34:43 - worker.ray_recieve_service - INFO - Receiving transcription messages
2026-06-29 11:35:03 - worker.ray_recieve_service - INFO - Receiving transcription messages
2026-06-29 11:35:23 - worker.ray_recieve_service - INFO - Receiving transcription messages
2026-06-29 11:35:43 - worker.ray_recieve_service - INFO - Receiving transcription messages
2026-06-29 11:36:03 - worker.ray_recieve_service - INFO - Receiving transcription messages
2026-06-29 11:36:23 - worker.ray_recieve_service - INFO - Receiving transcription messages
2026-06-29 11:36:43 - worker.ray_recieve_service - INFO - Receiving transcription messages
2026-06-29 11:37:03 - worker.ray_recieve_service - INFO - Receiving transcription messages
2026-06-29 11:37:23 - worker.ray_recieve_service - INFO - Receiving transcription messages
2026-06-29 11:37:43 - worker.ray_recieve_service - INFO - Receiving transcription messages
2026-06-29 11:38:03 - worker.ray_recieve_service - INFO - Receiving transcription messages
2026-06-29 11:38:23 - worker.ray_recieve_service - INFO - Receiving transcription messages
2026-06-29 11:38:43 - worker.ray_recieve_service - INFO - Receiving transcription messages
2026-06-29 11:39:03 - worker.ray_recieve_service - INFO - Receiving transcription messages
2026-06-29 11:39:23 - worker.ray_recieve_service - INFO - Receiving transcription messages
2026-06-29 11:39:43 - worker.ray_recieve_service - INFO - Receiving transcription messages
2026-06-29 11:40:03 - worker.ray_recieve_service - INFO - Receiving transcription messages
2026-06-29 11:40:23 - worker.ray_recieve_service - INFO - Receiving transcription messages
2026-06-29 11:40:43 - worker.ray_recieve_service - INFO - Receiving transcription messages
2026-06-29 11:41:03 - worker.ray_recieve_service - INFO - Receiving transcription messages
2026-06-29 11:41:23 - worker.ray_recieve_service - INFO - Receiving transcription messages
2026-06-29 11:41:43 - worker.ray_recieve_service - INFO - Receiving transcription messages
2026-06-29 11:42:03 - worker.ray_recieve_service - INFO - Receiving transcription messages
2026-06-29 11:42:23 - worker.ray_recieve_service - INFO - Receiving transcription messages
2026-06-29 11:42:43 - worker.ray_recieve_service - INFO - Receiving transcription messages
2026-06-29 11:43:03 - worker.ray_recieve_service - INFO - Receiving transcription messages
2026-06-29 11:43:23 - worker.ray_recieve_service - INFO - Receiving transcription messages
2026-06-29 11:43:43 - worker.ray_recieve_service - INFO - Receiving transcription messages
2026-06-29 11:44:03 - worker.ray_recieve_service - INFO - Receiving transcription messages
2026-06-29 11:44:23 - worker.ray_recieve_service - INFO - Receiving transcription messages
2026-06-29 11:44:43 - worker.ray_recieve_service - INFO - Receiving transcription messages
2026-06-29 11:45:03 - worker.ray_recieve_service - INFO - Receiving transcription messages
2026-06-29 11:45:23 - worker.ray_recieve_service - INFO - Receiving transcription messages
2026-06-29 11:45:43 - worker.ray_recieve_service - INFO - Receiving transcription messages
2026-06-29 11:46:03 - worker.ray_recieve_service - INFO - Receiving transcription messages
2026-06-29 12:02:06 - worker.ray_recieve_service - INFO - Receiving transcription messages
2026-06-29 12:02:26 - worker.ray_recieve_service - INFO - Receiving transcription messages
2026-06-29 12:02:46 - worker.ray_recieve_service - INFO - Receiving transcription messages
2026-06-29 12:03:06 - worker.ray_recieve_service - INFO - Receiving transcription messages
2026-06-29 12:03:26 - worker.ray_recieve_service - INFO - Receiving transcription messages
2026-06-29 12:03:46 - worker.ray_recieve_service - INFO - Receiving transcription messages
2026-06-29 12:04:06 - worker.ray_recieve_service - INFO - Receiving transcription messages
2026-06-29 12:04:26 - worker.ray_recieve_service - INFO - Receiving transcription messages
2026-06-29 12:04:46 - worker.ray_recieve_service - INFO - Receiving transcription messages
2026-06-29 12:05:06 - worker.ray_recieve_service - INFO - Receiving transcription messages
2026-06-29 12:05:26 - worker.ray_recieve_service - INFO - Receiving transcription messages
2026-06-29 12:05:46 - worker.ray_recieve_service - INFO - Receiving transcription messages
2026-06-29 12:06:06 - worker.ray_recieve_service - INFO - Receiving transcription messages
2026-06-29 12:06:26 - worker.ray_recieve_service - INFO - Receiving transcription messages
2026-06-29 12:06:46 - worker.ray_recieve_service - INFO - Receiving transcription messages
2026-06-29 12:07:06 - worker.ray_recieve_service - INFO - Receiving transcription messages
2026-06-29 12:07:26 - worker.ray_recieve_service - INFO - Receiving transcription messages
2026-06-29 12:07:46 - worker.ray_recieve_service - INFO - Receiving transcription messages
2026-06-29 12:08:06 - worker.ray_recieve_service - INFO - Receiving transcription messages
2026-06-29 12:08:26 - worker.ray_recieve_service - INFO - Receiving transcription messages
2026-06-29 12:08:46 - worker.ray_recieve_service - INFO - Receiving transcription messages
2026-06-29 12:09:07 - worker.ray_recieve_service - INFO - Receiving transcription messages
2026-06-29 12:09:27 - worker.ray_recieve_service - INFO - Receiving transcription messages
2026-06-29 12:09:47 - worker.ray_recieve_service - INFO - Receiving transcription messages
2026-06-29 12:10:07 - worker.ray_recieve_service - INFO - Receiving transcription messages
2026-06-29 12:10:27 - worker.ray_recieve_service - INFO - Receiving transcription messages
2026-06-29 12:10:47 - worker.ray_recieve_service - INFO - Receiving transcription messages
2026-06-29 12:11:07 - worker.ray_recieve_service - INFO - Receiving transcription messages
2026-06-29 12:11:27 - worker.ray_recieve_service - INFO - Receiving transcription messages
2026-06-29 12:11:47 - worker.ray_recieve_service - INFO - Receiving transcription messages
2026-06-29 12:12:07 - worker.ray_recieve_service - INFO - Receiving transcription messages
2026-06-29 12:12:27 - worker.ray_recieve_service - INFO - Receiving transcription messages
2026-06-29 12:12:47 - worker.ray_recieve_service - INFO - Receiving transcription messages
2026-06-29 12:13:07 - worker.ray_recieve_service - INFO - Receiving transcription messages
2026-06-29 12:13:27 - worker.ray_recieve_service - INFO - Receiving transcription messages
2026-06-29 12:13:47 - worker.ray_recieve_service - INFO - Receiving transcription messages
2026-06-29 12:14:07 - worker.ray_recieve_service - INFO - Receiving transcription messages
2026-06-29 12:14:27 - worker.ray_recieve_service - INFO - Receiving transcription messages
2026-06-29 12:14:47 - worker.ray_recieve_service - INFO - Receiving transcription messages
2026-06-29 12:15:07 - worker.ray_recieve_service - INFO - Receiving transcription messages
2026-06-29 12:15:27 - worker.ray_recieve_service - INFO - Receiving transcription messages
2026-06-29 12:15:47 - worker.ray_recieve_service - INFO - Receiving transcription messages
2026-06-29 12:16:07 - worker.ray_recieve_service - INFO - Receiving transcription messages
2026-06-29 12:16:27 - worker.ray_recieve_service - INFO - Receiving transcription messages
2026-06-29 12:16:47 - worker.ray_recieve_service - INFO - Receiving transcription messages
2026-06-29 12:17:07 - worker.ray_recieve_service - INFO - Receiving transcription messages
2026-06-29 12:17:27 - worker.ray_recieve_service - INFO - Receiving transcription messages
2026-06-29 12:17:47 - worker.ray_recieve_service - INFO - Receiving transcription messages
2026-06-29 12:18:07 - worker.ray_recieve_service - INFO - Receiving transcription messages
2026-06-29 12:18:27 - worker.ray_recieve_service - INFO - Receiving transcription messages
2026-06-29 12:18:47 - worker.ray_recieve_service - INFO - Receiving transcription messages
2026-06-29 12:19:07 - worker.ray_recieve_service - INFO - Receiving transcription messages
2026-06-29 12:19:27 - worker.ray_recieve_service - INFO - Receiving transcription messages
2026-06-29 12:19:47 - worker.ray_recieve_service - INFO - Receiving transcription messages
2026-06-29 12:20:07 - worker.ray_recieve_service - INFO - Receiving transcription messages
2026-06-29 12:20:27 - worker.ray_recieve_service - INFO - Receiving transcription messages
2026-06-29 12:20:47 - worker.ray_recieve_service - INFO - Receiving transcription messages
2026-06-29 12:21:07 - worker.ray_recieve_service - INFO - Receiving transcription messages
2026-06-29 12:21:27 - worker.ray_recieve_service - INFO - Receiving transcription messages
2026-06-29 12:21:47 - worker.ray_recieve_service - INFO - Receiving transcription messages
2026-06-29 12:22:07 - worker.ray_recieve_service - INFO - Receiving transcription messages
2026-06-29 12:22:27 - worker.ray_recieve_service - INFO - Receiving transcription messages
2026-06-29 12:22:47 - worker.ray_recieve_service - INFO - Receiving transcription messages
2026-06-29 12:23:07 - worker.ray_recieve_service - INFO - Receiving transcription messages
2026-06-29 12:23:27 - worker.ray_recieve_service - INFO - Receiving transcription messages
2026-06-29 12:23:47 - worker.ray_recieve_service - INFO - Receiving transcription messages
2026-06-29 12:24:07 - worker.ray_recieve_service - INFO - Receiving transcription messages
2026-06-29 12:24:27 - worker.ray_recieve_service - INFO - Receiving transcription messages
2026-06-29 12:24:47 - worker.ray_recieve_service - INFO - Receiving transcription messages
2026-06-29 12:25:07 - worker.ray_recieve_service - INFO - Receiving transcription messages
2026-06-29 12:25:27 - worker.ray_recieve_service - INFO - Receiving transcription messages
2026-06-29 12:25:47 - worker.ray_recieve_service - INFO - Receiving transcription messages
2026-06-29 12:26:07 - worker.ray_recieve_service - INFO - Receiving transcription messages
2026-06-29 12:26:27 - worker.ray_recieve_service - INFO - Receiving transcription messages
2026-06-29 12:26:47 - worker.ray_recieve_service - INFO - Receiving transcription messages
2026-06-29 12:27:07 - worker.ray_recieve_service - INFO - Receiving transcription messages
2026-06-29 12:27:27 - worker.ray_recieve_service - INFO - Receiving transcription messages
2026-06-29 12:27:47 - worker.ray_recieve_service - INFO - Receiving transcription messages
2026-06-29 12:28:07 - worker.ray_recieve_service - INFO - Receiving transcription messages
2026-06-29 12:28:27 - worker.ray_recieve_service - INFO - Receiving transcription messages
2026-06-29 12:28:47 - worker.ray_recieve_service - INFO - Receiving transcription messages
2026-06-29 12:29:07 - worker.ray_recieve_service - INFO - Receiving transcription messages
2026-06-29 12:29:27 - worker.ray_recieve_service - INFO - Receiving transcription messages
2026-06-29 12:29:47 - worker.ray_recieve_service - INFO - Receiving transcription messages
2026-06-29 12:30:07 - worker.ray_recieve_service - INFO - Receiving transcription messages
2026-06-29 12:30:27 - worker.ray_recieve_service - INFO - Receiving transcription messages
2026-06-29 12:30:47 - worker.ray_recieve_service - INFO - Receiving transcription messages
2026-06-29 12:31:07 - worker.ray_recieve_service - INFO - Receiving transcription messages
2026-06-29 12:31:27 - worker.ray_recieve_service - INFO - Receiving transcription messages
2026-06-29 12:31:47 - worker.ray_recieve_service - INFO - Receiving transcription messages
2026-06-29 12:32:07 - worker.ray_recieve_service - INFO - Receiving transcription messages
2026-06-29 12:32:27 - worker.ray_recieve_service - INFO - Receiving transcription messages
2026-06-29 12:32:47 - worker.ray_recieve_service - INFO - Receiving transcription messages
2026-06-29 12:33:07 - worker.ray_recieve_service - INFO - Receiving transcription messages
2026-06-29 12:33:27 - worker.ray_recieve_service - INFO - Receiving transcription messages
2026-06-29 12:33:47 - worker.ray_recieve_service - INFO - Receiving transcription messages
2026-06-29 12:34:07 - worker.ray_recieve_service - INFO - Receiving transcription messages
2026-06-29 12:34:27 - worker.ray_recieve_service - INFO - Receiving transcription messages
2026-06-29 12:34:47 - worker.ray_recieve_service - INFO - Receiving transcription messages
2026-06-29 12:35:07 - worker.ray_recieve_service - INFO - Receiving transcription messages
2026-06-29 12:35:27 - worker.ray_recieve_service - INFO - Receiving transcription messages
2026-06-29 12:35:47 - worker.ray_recieve_service - INFO - Receiving transcription messages
2026-06-29 12:36:07 - worker.ray_recieve_service - INFO - Receiving transcription messages
2026-06-29 12:36:27 - worker.ray_recieve_service - INFO - Receiving transcription messages
2026-06-29 12:36:47 - worker.ray_recieve_service - INFO - Receiving transcription messages
2026-06-29 12:37:11 - worker.ray_recieve_service - INFO - Receiving transcription messages
2026-06-29 12:37:31 - worker.ray_recieve_service - INFO - Receiving transcription messages
2026-06-29 12:37:51 - worker.ray_recieve_service - INFO - Receiving transcription messages
2026-06-29 12:38:11 - worker.ray_recieve_service - INFO - Receiving transcription messages
2026-06-29 12:38:31 - worker.ray_recieve_service - INFO - Receiving transcription messages
2026-06-29 12:38:51 - worker.ray_recieve_service - INFO - Receiving transcription messages
2026-06-29 12:39:11 - worker.ray_recieve_service - INFO - Receiving transcription messages
2026-06-29 12:39:31 - worker.ray_recieve_service - INFO - Receiving transcription messages
2026-06-29 12:39:51 - worker.ray_recieve_service - INFO - Receiving transcription messages
2026-06-29 12:40:11 - worker.ray_recieve_service - INFO - Receiving transcription messages
2026-06-29 12:40:31 - worker.ray_recieve_service - INFO - Receiving transcription messages
2026-06-29 12:40:51 - worker.ray_recieve_service - INFO - Receiving transcription messages
2026-06-29 12:41:11 - worker.ray_recieve_service - INFO - Receiving transcription messages
2026-06-29 12:41:31 - worker.ray_recieve_service - INFO - Receiving transcription messages
2026-06-29 12:41:51 - worker.ray_recieve_service - INFO - Receiving transcription messages
2026-06-29 12:42:11 - worker.ray_recieve_service - INFO - Receiving transcription messages
2026-06-29 12:42:31 - worker.ray_recieve_service - INFO - Receiving transcription messages
2026-06-29 12:42:51 - worker.ray_recieve_service - INFO - Receiving transcription messages
2026-06-29 12:43:11 - worker.ray_recieve_service - INFO - Receiving transcription messages
2026-06-29 12:43:31 - worker.ray_recieve_service - INFO - Receiving transcription messages
2026-06-29 12:43:51 - worker.ray_recieve_service - INFO - Receiving transcription messages
2026-06-29 12:44:11 - worker.ray_recieve_service - INFO - Receiving transcription messages
2026-06-29 12:44:31 - worker.ray_recieve_service - INFO - Receiving transcription messages
2026-06-29 12:44:51 - worker.ray_recieve_service - INFO - Receiving transcription messages
2026-06-29 12:45:11 - worker.ray_recieve_service - INFO - Receiving transcription messages
2026-06-29 12:45:31 - worker.ray_recieve_service - INFO - Receiving transcription messages
2026-06-29 12:45:51 - worker.ray_recieve_service - INFO - Receiving transcription messages
2026-06-29 12:46:11 - worker.ray_recieve_service - INFO - Receiving transcription messages
2026-06-29 12:46:31 - worker.ray_recieve_service - INFO - Receiving transcription messages
2026-06-29 12:46:51 - worker.ray_recieve_service - INFO - Receiving transcription messages
2026-06-29 12:47:11 - worker.ray_recieve_service - INFO - Receiving transcription messages
2026-06-29 12:47:31 - worker.ray_recieve_service - INFO - Receiving transcription messages
2026-06-29 12:47:51 - worker.ray_recieve_service - INFO - Receiving transcription messages
2026-06-29 12:48:11 - worker.ray_recieve_service - INFO - Receiving transcription messages
2026-06-29 12:48:31 - worker.ray_recieve_service - INFO - Receiving transcription messages
2026-06-29 12:48:51 - worker.ray_recieve_service - INFO - Receiving transcription messages
2026-06-29 12:49:11 - worker.ray_recieve_service - INFO - Receiving transcription messages
2026-06-29 12:49:31 - worker.ray_recieve_service - INFO - Receiving transcription messages
2026-06-29 12:49:51 - worker.ray_recieve_service - INFO - Receiving transcription messages
2026-06-29 12:50:11 - worker.ray_recieve_service - INFO - Receiving transcription messages
2026-06-29 12:50:31 - worker.ray_recieve_service - INFO - Receiving transcription messages
2026-06-29 12:50:51 - worker.ray_recieve_service - INFO - Receiving transcription messages
2026-06-29 12:51:11 - worker.ray_recieve_service - INFO - Receiving transcription messages
2026-06-29 12:51:31 - worker.ray_recieve_service - INFO - Receiving transcription messages
2026-06-29 12:51:51 - worker.ray_recieve_service - INFO - Receiving transcription messages
2026-06-29 12:52:11 - worker.ray_recieve_service - INFO - Receiving transcription messages
2026-06-29 12:52:31 - worker.ray_recieve_service - INFO - Receiving transcription messages
2026-06-29 12:52:51 - worker.ray_recieve_service - INFO - Receiving transcription messages
2026-06-29 12:53:11 - worker.ray_recieve_service - INFO - Receiving transcription messages
2026-06-29 12:53:31 - worker.ray_recieve_service - INFO - Receiving transcription messages
2026-06-29 12:53:51 - worker.ray_recieve_service - INFO - Receiving transcription messages
2026-06-29 12:54:11 - worker.ray_recieve_service - INFO - Receiving transcription messages
2026-06-29 12:54:31 - worker.ray_recieve_service - INFO - Receiving transcription messages
2026-06-29 12:54:51 - worker.ray_recieve_service - INFO - Receiving transcription messages
2026-06-29 12:55:11 - worker.ray_recieve_service - INFO - Receiving transcription messages
2026-06-29 12:55:31 - worker.ray_recieve_service - INFO - Receiving transcription messages
2026-06-29 12:55:52 - worker.ray_recieve_service - INFO - Receiving transcription messages
2026-06-29 12:56:12 - worker.ray_recieve_service - INFO - Receiving transcription messages
2026-06-29 12:56:32 - worker.ray_recieve_service - INFO - Receiving transcription messages
2026-06-29 12:56:52 - worker.ray_recieve_service - INFO - Receiving transcription messages
2026-06-29 12:57:12 - worker.ray_recieve_service - INFO - Receiving transcription messages
2026-06-29 12:57:32 - worker.ray_recieve_service - INFO - Receiving transcription messages
2026-06-29 12:57:52 - worker.ray_recieve_service - INFO - Receiving transcription messages
2026-06-29 12:58:12 - worker.ray_recieve_service - INFO - Receiving transcription messages
2026-06-29 12:58:32 - worker.ray_recieve_service - INFO - Receiving transcription messages
2026-06-29 12:58:52 - worker.ray_recieve_service - INFO - Receiving transcription messages
2026-06-29 12:59:12 - worker.ray_recieve_service - INFO - Receiving transcription messages
2026-06-29 12:59:32 - worker.ray_recieve_service - INFO - Receiving transcription messages
2026-06-29 12:59:52 - worker.ray_recieve_service - INFO - Receiving transcription messages
2026-06-29 13:00:12 - worker.ray_recieve_service - INFO - Receiving transcription messages
2026-06-29 13:00:32 - worker.ray_recieve_service - INFO - Receiving transcription messages
2026-06-29 13:00:52 - worker.ray_recieve_service - INFO - Receiving transcription messages
2026-06-29 13:01:12 - worker.ray_recieve_service - INFO - Receiving transcription messages
2026-06-29 13:01:32 - worker.ray_recieve_service - INFO - Receiving transcription messages
2026-06-29 13:01:52 - worker.ray_recieve_service - INFO - Receiving transcription messages
2026-06-29 13:02:12 - worker.ray_recieve_service - INFO - Receiving transcription messages
2026-06-29 13:02:32 - worker.ray_recieve_service - INFO - Receiving transcription messages
2026-06-29 13:02:52 - worker.ray_recieve_service - INFO - Receiving transcription messages
2026-06-29 13:03:12 - worker.ray_recieve_service - INFO - Receiving transcription messages
2026-06-29 13:03:32 - worker.ray_recieve_service - INFO - Receiving transcription messages
2026-06-29 13:03:52 - worker.ray_recieve_service - INFO - Receiving transcription messages
2026-06-29 13:04:12 - worker.ray_recieve_service - INFO - Receiving transcription messages
2026-06-29 13:04:32 - worker.ray_recieve_service - INFO - Receiving transcription messages
2026-06-29 13:04:52 - worker.ray_recieve_service - INFO - Receiving transcription messages
2026-06-29 13:05:12 - worker.ray_recieve_service - INFO - Receiving transcription messages
2026-06-29 13:05:32 - worker.ray_recieve_service - INFO - Receiving transcription messages
2026-06-29 13:05:52 - worker.ray_recieve_service - INFO - Receiving transcription messages
2026-06-29 13:06:12 - worker.ray_recieve_service - INFO - Receiving transcription messages
2026-06-29 13:06:32 - worker.ray_recieve_service - INFO - Receiving transcription messages
2026-06-29 13:06:52 - worker.ray_recieve_service - INFO - Receiving transcription messages
2026-06-29 13:07:12 - worker.ray_recieve_service - INFO - Receiving transcription messages
2026-06-29 13:07:32 - worker.ray_recieve_service - INFO - Receiving transcription messages
2026-06-29 13:07:52 - worker.ray_recieve_service - INFO - Receiving transcription messages
2026-06-29 13:08:12 - worker.ray_recieve_service - INFO - Receiving transcription messages
2026-06-29 13:08:32 - worker.ray_recieve_service - INFO - Receiving transcription messages
2026-06-29 13:08:52 - worker.ray_recieve_service - INFO - Receiving transcription messages
2026-06-29 13:09:12 - worker.ray_recieve_service - INFO - Receiving transcription messages
2026-06-29 13:09:32 - worker.ray_recieve_service - INFO - Receiving transcription messages
2026-06-29 13:09:52 - worker.ray_recieve_service - INFO - Receiving transcription messages
2026-06-29 13:10:12 - worker.ray_recieve_service - INFO - Receiving transcription messages
2026-06-29 13:10:32 - worker.ray_recieve_service - INFO - Receiving transcription messages
2026-06-29 13:10:52 - worker.ray_recieve_service - INFO - Receiving transcription messages
2026-06-29 13:11:12 - worker.ray_recieve_service - INFO - Receiving transcription messages
2026-06-29 13:11:32 - worker.ray_recieve_service - INFO - Receiving transcription messages
2026-06-29 13:11:52 - worker.ray_recieve_service - INFO - Receiving transcription messages
2026-06-29 13:12:12 - worker.ray_recieve_service - INFO - Receiving transcription messages
2026-06-29 13:12:32 - worker.ray_recieve_service - INFO - Receiving transcription messages
2026-06-29 13:12:52 - worker.ray_recieve_service - INFO - Receiving transcription messages
2026-06-29 13:13:12 - worker.ray_recieve_service - INFO - Receiving transcription messages
2026-06-29 13:13:32 - worker.ray_recieve_service - INFO - Receiving transcription messages
2026-06-29 13:13:52 - worker.ray_recieve_service - INFO - Receiving transcription messages
2026-06-29 13:14:12 - worker.ray_recieve_service - INFO - Receiving transcription messages
2026-06-29 13:14:32 - worker.ray_recieve_service - INFO - Receiving transcription messages
2026-06-29 13:14:52 - worker.ray_recieve_service - INFO - Receiving transcription messages
2026-06-29 13:15:12 - worker.ray_recieve_service - INFO - Receiving transcription messages
2026-06-29 13:15:32 - worker.ray_recieve_service - INFO - Receiving transcription messages
2026-06-29 13:15:52 - worker.ray_recieve_service - INFO - Receiving transcription messages
2026-06-29 13:16:12 - worker.ray_recieve_service - INFO - Receiving transcription messages
2026-06-29 13:16:32 - worker.ray_recieve_service - INFO - Receiving transcription messages
2026-06-29 13:16:52 - worker.ray_recieve_service - INFO - Receiving transcription messages
2026-06-29 13:17:12 - worker.ray_recieve_service - INFO - Receiving transcription messages
2026-06-29 13:17:32 - worker.ray_recieve_service - INFO - Receiving transcription messages
2026-06-29 13:17:52 - worker.ray_recieve_service - INFO - Receiving transcription messages
2026-06-29 13:18:12 - worker.ray_recieve_service - INFO - Receiving transcription messages
2026-06-29 13:18:32 - worker.ray_recieve_service - INFO - Receiving transcription messages
2026-06-29 13:18:52 - worker.ray_recieve_service - INFO - Receiving transcription messages
2026-06-29 13:19:12 - worker.ray_recieve_service - INFO - Receiving transcription messages
2026-06-29 13:19:32 - worker.ray_recieve_service - INFO - Receiving transcription messages
2026-06-29 13:19:52 - worker.ray_recieve_service - INFO - Receiving transcription messages
2026-06-29 13:20:12 - worker.ray_recieve_service - INFO - Receiving transcription messages
2026-06-29 13:20:32 - worker.ray_recieve_service - INFO - Receiving transcription messages
2026-06-29 13:20:52 - worker.ray_recieve_service - INFO - Receiving transcription messages
2026-06-29 13:21:12 - worker.ray_recieve_service - INFO - Receiving transcription messages
2026-06-29 13:21:32 - worker.ray_recieve_service - INFO - Receiving transcription messages
2026-06-29 13:21:52 - worker.ray_recieve_service - INFO - Receiving transcription messages
2026-06-29 13:22:12 - worker.ray_recieve_service - INFO - Receiving transcription messages
2026-06-29 13:22:32 - worker.ray_recieve_service - INFO - Receiving transcription messages
2026-06-29 13:22:52 - worker.ray_recieve_service - INFO - Receiving transcription messages
2026-06-29 13:23:12 - worker.ray_recieve_service - INFO - Receiving transcription messages
2026-06-29 13:23:32 - worker.ray_recieve_service - INFO - Receiving transcription messages
2026-06-29 13:23:52 - worker.ray_recieve_service - INFO - Receiving transcription messages
2026-06-29 13:24:12 - worker.ray_recieve_service - INFO - Receiving transcription messages
2026-06-29 13:24:32 - worker.ray_recieve_service - INFO - Receiving transcription messages
2026-06-29 13:24:52 - worker.ray_recieve_service - INFO - Receiving transcription messages
2026-06-29 13:25:12 - worker.ray_recieve_service - INFO - Receiving transcription messages
2026-06-29 13:25:32 - worker.ray_recieve_service - INFO - Receiving transcription messages
2026-06-29 13:25:52 - worker.ray_recieve_service - INFO - Receiving transcription messages
2026-06-29 13:26:12 - worker.ray_recieve_service - INFO - Receiving transcription messages
2026-06-29 13:26:32 - worker.ray_recieve_service - INFO - Receiving transcription messages
2026-06-29 13:26:52 - worker.ray_recieve_service - INFO - Receiving transcription messages
2026-06-29 13:27:12 - worker.ray_recieve_service - INFO - Receiving transcription messages
2026-06-29 13:27:32 - worker.ray_recieve_service - INFO - Receiving transcription messages
2026-06-29 13:27:52 - worker.ray_recieve_service - INFO - Receiving transcription messages
2026-06-29 13:28:12 - worker.ray_recieve_service - INFO - Receiving transcription messages
2026-06-29 13:28:32 - worker.ray_recieve_service - INFO - Receiving transcription messages
2026-06-29 13:28:52 - worker.ray_recieve_service - INFO - Receiving transcription messages
2026-06-29 13:29:12 - worker.ray_recieve_service - INFO - Receiving transcription messages
2026-06-29 13:29:32 - worker.ray_recieve_service - INFO - Receiving transcription messages
2026-06-29 13:29:52 - worker.ray_recieve_service - INFO - Receiving transcription messages
2026-06-29 13:30:12 - worker.ray_recieve_service - INFO - Receiving transcription messages
2026-06-29 13:30:32 - worker.ray_recieve_service - INFO - Receiving transcription messages
2026-06-29 13:30:52 - worker.ray_recieve_service - INFO - Receiving transcription messages
2026-06-29 13:31:12 - worker.ray_recieve_service - INFO - Receiving transcription messages
2026-06-29 13:31:32 - worker.ray_recieve_service - INFO - Receiving transcription messages
2026-06-29 13:31:53 - worker.ray_recieve_service - INFO - Receiving transcription messages
2026-06-29 13:32:13 - worker.ray_recieve_service - INFO - Receiving transcription messages
2026-06-29 13:32:33 - worker.ray_recieve_service - INFO - Receiving transcription messages
2026-06-29 13:32:53 - worker.ray_recieve_service - INFO - Receiving transcription messages
2026-06-29 13:33:13 - worker.ray_recieve_service - INFO - Receiving transcription messages
2026-06-29 13:33:33 - worker.ray_recieve_service - INFO - Receiving transcription messages
2026-06-29 13:33:53 - worker.ray_recieve_service - INFO - Receiving transcription messages
2026-06-29 13:34:13 - worker.ray_recieve_service - INFO - Receiving transcription messages
2026-06-29 13:34:33 - worker.ray_recieve_service - INFO - Receiving transcription messages
2026-06-29 13:34:53 - worker.ray_recieve_service - INFO - Receiving transcription messages
2026-06-29 13:35:13 - worker.ray_recieve_service - INFO - Receiving transcription messages
2026-06-29 13:35:33 - worker.ray_recieve_service - INFO - Receiving transcription messages
2026-06-29 13:35:53 - worker.ray_recieve_service - INFO - Receiving transcription messages
2026-06-29 13:36:13 - worker.ray_recieve_service - INFO - Receiving transcription messages
2026-06-29 13:36:33 - worker.ray_recieve_service - INFO - Receiving transcription messages
2026-06-29 13:36:53 - worker.ray_recieve_service - INFO - Receiving transcription messages
2026-06-29 13:37:13 - worker.ray_recieve_service - INFO - Receiving transcription messages
2026-06-29 13:37:33 - worker.ray_recieve_service - INFO - Receiving transcription messages
2026-06-29 13:37:53 - worker.ray_recieve_service - INFO - Receiving transcription messages
2026-06-29 13:38:13 - worker.ray_recieve_service - INFO - Receiving transcription messages
2026-06-29 13:38:33 - worker.ray_recieve_service - INFO - Receiving transcription messages
2026-06-29 13:38:53 - worker.ray_recieve_service - INFO - Receiving transcription messages
2026-06-29 13:39:13 - worker.ray_recieve_service - INFO - Receiving transcription messages
2026-06-29 13:39:33 - worker.ray_recieve_service - INFO - Receiving transcription messages
2026-06-29 13:39:53 - worker.ray_recieve_service - INFO - Receiving transcription messages
2026-06-29 13:40:13 - worker.ray_recieve_service - INFO - Receiving transcription messages
2026-06-29 13:40:33 - worker.ray_recieve_service - INFO - Receiving transcription messages
2026-06-29 13:40:53 - worker.ray_recieve_service - INFO - Receiving transcription messages
2026-06-29 13:41:13 - worker.ray_recieve_service - INFO - Receiving transcription messages
2026-06-29 13:41:33 - worker.ray_recieve_service - INFO - Receiving transcription messages
2026-06-29 13:41:53 - worker.ray_recieve_service - INFO - Receiving transcription messages
2026-06-29 13:42:13 - worker.ray_recieve_service - INFO - Receiving transcription messages
2026-06-29 13:42:33 - worker.ray_recieve_service - INFO - Receiving transcription messages
2026-06-29 13:42:53 - worker.ray_recieve_service - INFO - Receiving transcription messages
2026-06-29 13:43:13 - worker.ray_recieve_service - INFO - Receiving transcription messages
2026-06-29 13:43:33 - worker.ray_recieve_service - INFO - Receiving transcription messages
2026-06-29 13:43:53 - worker.ray_recieve_service - INFO - Receiving transcription messages
2026-06-29 13:44:13 - worker.ray_recieve_service - INFO - Receiving transcription messages
2026-06-29 13:44:33 - worker.ray_recieve_service - INFO - Receiving transcription messages
2026-06-29 13:44:53 - worker.ray_recieve_service - INFO - Receiving transcription messages
2026-06-29 13:45:13 - worker.ray_recieve_service - INFO - Receiving transcription messages
2026-06-29 13:45:33 - worker.ray_recieve_service - INFO - Receiving transcription messages
2026-06-29 13:45:53 - worker.ray_recieve_service - INFO - Receiving transcription messages
2026-06-29 13:46:13 - worker.ray_recieve_service - INFO - Receiving transcription messages
2026-06-29 13:46:33 - worker.ray_recieve_service - INFO - Receiving transcription messages
2026-06-29 13:46:53 - worker.ray_recieve_service - INFO - Receiving transcription messages
2026-06-29 13:47:13 - worker.ray_recieve_service - INFO - Receiving transcription messages
2026-06-29 13:47:33 - worker.ray_recieve_service - INFO - Receiving transcription messages
2026-06-29 13:47:53 - worker.ray_recieve_service - INFO - Receiving transcription messages
2026-06-29 13:48:13 - worker.ray_recieve_service - INFO - Receiving transcription messages
2026-06-29 13:48:33 - worker.ray_recieve_service - INFO - Receiving transcription messages
2026-06-29 13:48:53 - worker.ray_recieve_service - INFO - Receiving transcription messages
2026-06-29 13:49:13 - worker.ray_recieve_service - INFO - Receiving transcription messages
2026-06-29 13:49:33 - worker.ray_recieve_service - INFO - Receiving transcription messages
2026-06-29 13:49:53 - worker.ray_recieve_service - INFO - Receiving transcription messages
2026-06-29 13:50:13 - worker.ray_recieve_service - INFO - Receiving transcription messages
2026-06-29 13:50:33 - worker.ray_recieve_service - INFO - Receiving transcription messages
2026-06-29 13:50:53 - worker.ray_recieve_service - INFO - Receiving transcription messages
2026-06-29 13:51:13 - worker.ray_recieve_service - INFO - Receiving transcription messages
2026-06-29 13:51:33 - worker.ray_recieve_service - INFO - Receiving transcription messages
2026-06-29 13:51:53 - worker.ray_recieve_service - INFO - Receiving transcription messages
2026-06-29 13:52:13 - worker.ray_recieve_service - INFO - Receiving transcription messages
2026-06-29 13:52:33 - worker.ray_recieve_service - INFO - Receiving transcription messages
2026-06-29 13:52:53 - worker.ray_recieve_service - INFO - Receiving transcription messages
2026-06-29 13:53:13 - worker.ray_recieve_service - INFO - Receiving transcription messages
2026-06-29 13:53:33 - worker.ray_recieve_service - INFO - Receiving transcription messages
2026-06-29 13:53:53 - worker.ray_recieve_service - INFO - Receiving transcription messages
2026-06-29 13:54:13 - worker.ray_recieve_service - INFO - Receiving transcription messages
2026-06-29 13:54:33 - worker.ray_recieve_service - INFO - Receiving transcription messages
2026-06-29 13:54:53 - worker.ray_recieve_service - INFO - Receiving transcription messages
2026-06-29 13:55:13 - worker.ray_recieve_service - INFO - Receiving transcription messages
2026-06-29 13:55:33 - worker.ray_recieve_service - INFO - Receiving transcription messages
2026-06-29 13:55:53 - worker.ray_recieve_service - INFO - Receiving transcription messages
2026-06-29 13:56:13 - worker.ray_recieve_service - INFO - Receiving transcription messages
2026-06-29 13:56:33 - worker.ray_recieve_service - INFO - Receiving transcription messages
2026-06-29 13:56:53 - worker.ray_recieve_service - INFO - Receiving transcription messages
2026-06-29 13:57:13 - worker.ray_recieve_service - INFO - Receiving transcription messages
2026-06-29 13:57:33 - worker.ray_recieve_service - INFO - Receiving transcription messages
2026-06-29 13:57:53 - worker.ray_recieve_service - INFO - Receiving transcription messages
2026-06-29 13:58:13 - worker.ray_recieve_service - INFO - Receiving transcription messages
2026-06-29 13:58:33 - worker.ray_recieve_service - INFO - Receiving transcription messages
2026-06-29 13:58:53 - worker.ray_recieve_service - INFO - Receiving transcription messages
2026-06-29 13:59:13 - worker.ray_recieve_service - INFO - Receiving transcription messages
2026-06-29 13:59:33 - worker.ray_recieve_service - INFO - Receiving transcription messages
2026-06-29 13:59:53 - worker.ray_recieve_service - INFO - Receiving transcription messages
2026-06-29 14:00:13 - worker.ray_recieve_service - INFO - Receiving transcription messages
2026-06-29 14:00:33 - worker.ray_recieve_service - INFO - Receiving transcription messages
2026-06-29 14:00:53 - worker.ray_recieve_service - INFO - Receiving transcription messages
2026-06-29 14:01:13 - worker.ray_recieve_service - INFO - Receiving transcription messages
2026-06-29 14:01:33 - worker.ray_recieve_service - INFO - Receiving transcription messages
2026-06-29 14:01:53 - worker.ray_recieve_service - INFO - Receiving transcription messages
2026-06-29 14:02:13 - worker.ray_recieve_service - INFO - Receiving transcription messages
2026-06-29 14:02:33 - worker.ray_recieve_service - INFO - Receiving transcription messages
2026-06-29 14:02:53 - worker.ray_recieve_service - INFO - Receiving transcription messages
2026-06-29 14:03:13 - worker.ray_recieve_service - INFO - Receiving transcription messages
2026-06-29 14:03:33 - worker.ray_recieve_service - INFO - Receiving transcription messages
2026-06-29 14:03:53 - worker.ray_recieve_service - INFO - Receiving transcription messages
2026-06-29 14:04:13 - worker.ray_recieve_service - INFO - Receiving transcription messages
2026-06-29 14:04:33 - worker.ray_recieve_service - INFO - Receiving transcription messages
2026-06-29 14:04:53 - worker.ray_recieve_service - INFO - Receiving transcription messages
2026-06-29 14:05:13 - worker.ray_recieve_service - INFO - Receiving transcription messages
2026-06-29 14:05:34 - worker.ray_recieve_service - INFO - Receiving transcription messages
2026-06-29 14:05:54 - worker.ray_recieve_service - INFO - Receiving transcription messages
2026-06-29 14:06:14 - worker.ray_recieve_service - INFO - Receiving transcription messages
2026-06-29 14:06:34 - worker.ray_recieve_service - INFO - Receiving transcription messages
2026-06-29 14:06:54 - worker.ray_recieve_service - INFO - Receiving transcription messages
2026-06-29 14:07:14 - worker.ray_recieve_service - INFO - Receiving transcription messages
2026-06-29 14:07:34 - worker.ray_recieve_service - INFO - Receiving transcription messages
2026-06-29 14:07:54 - worker.ray_recieve_service - INFO - Receiving transcription messages
2026-06-29 14:08:14 - worker.ray_recieve_service - INFO - Receiving transcription messages
2026-06-29 14:08:34 - worker.ray_recieve_service - INFO - Receiving transcription messages
2026-06-29 14:08:54 - worker.ray_recieve_service - INFO - Receiving transcription messages
2026-06-29 14:09:14 - worker.ray_recieve_service - INFO - Receiving transcription messages
2026-06-29 14:09:34 - worker.ray_recieve_service - INFO - Receiving transcription messages
2026-06-29 14:09:54 - worker.ray_recieve_service - INFO - Receiving transcription messages
2026-06-29 14:10:14 - worker.ray_recieve_service - INFO - Receiving transcription messages
2026-06-29 14:10:34 - worker.ray_recieve_service - INFO - Receiving transcription messages
2026-06-29 14:10:54 - worker.ray_recieve_service - INFO - Receiving transcription messages
2026-06-29 14:11:14 - worker.ray_recieve_service - INFO - Receiving transcription messages
2026-06-29 14:11:34 - worker.ray_recieve_service - INFO - Receiving transcription messages
2026-06-29 14:11:54 - worker.ray_recieve_service - INFO - Receiving transcription messages
2026-06-29 14:12:14 - worker.ray_recieve_service - INFO - Receiving transcription messages
2026-06-29 14:12:34 - worker.ray_recieve_service - INFO - Receiving transcription messages
2026-06-29 14:12:54 - worker.ray_recieve_service - INFO - Receiving transcription messages
2026-06-29 14:13:14 - worker.ray_recieve_service - INFO - Receiving transcription messages
2026-06-29 14:13:34 - worker.ray_recieve_service - INFO - Receiving transcription messages
2026-06-29 14:13:54 - worker.ray_recieve_service - INFO - Receiving transcription messages
2026-06-29 14:14:14 - worker.ray_recieve_service - INFO - Receiving transcription messages
2026-06-29 14:14:34 - worker.ray_recieve_service - INFO - Receiving transcription messages
2026-06-29 14:14:54 - worker.ray_recieve_service - INFO - Receiving transcription messages
2026-06-29 14:15:14 - worker.ray_recieve_service - INFO - Receiving transcription messages
2026-06-29 14:15:34 - worker.ray_recieve_service - INFO - Receiving transcription messages
2026-06-29 14:15:54 - worker.ray_recieve_service - INFO - Receiving transcription messages
2026-06-29 14:16:14 - worker.ray_recieve_service - INFO - Receiving transcription messages
2026-06-29 14:16:34 - worker.ray_recieve_service - INFO - Receiving transcription messages
2026-06-29 14:16:54 - worker.ray_recieve_service - INFO - Receiving transcription messages
2026-06-29 14:17:14 - worker.ray_recieve_service - INFO - Receiving transcription messages
2026-06-29 14:17:34 - worker.ray_recieve_service - INFO - Receiving transcription messages
2026-06-29 14:17:54 - worker.ray_recieve_service - INFO - Receiving transcription messages
2026-06-29 14:18:14 - worker.ray_recieve_service - INFO - Receiving transcription messages
2026-06-29 14:18:34 - worker.ray_recieve_service - INFO - Receiving transcription messages
2026-06-29 14:18:54 - worker.ray_recieve_service - INFO - Receiving transcription messages
2026-06-29 14:19:14 - worker.ray_recieve_service - INFO - Receiving transcription messages
2026-06-29 14:19:34 - worker.ray_recieve_service - INFO - Receiving transcription messages
2026-06-29 14:19:54 - worker.ray_recieve_service - INFO - Receiving transcription messages
2026-06-29 14:20:14 - worker.ray_recieve_service - INFO - Receiving transcription messages
2026-06-29 14:20:34 - worker.ray_recieve_service - INFO - Receiving transcription messages
2026-06-29 14:20:54 - worker.ray_recieve_service - INFO - Receiving transcription messages
2026-06-29 14:21:14 - worker.ray_recieve_service - INFO - Receiving transcription messages
2026-06-29 14:21:34 - worker.ray_recieve_service - INFO - Receiving transcription messages
2026-06-29 14:21:54 - worker.ray_recieve_service - INFO - Receiving transcription messages
2026-06-29 14:22:14 - worker.ray_recieve_service - INFO - Receiving transcription messages
2026-06-29 14:22:34 - worker.ray_recieve_service - INFO - Receiving transcription messages
2026-06-29 14:22:54 - worker.ray_recieve_service - INFO - Receiving transcription messages
2026-06-29 14:23:14 - worker.ray_recieve_service - INFO - Receiving transcription messages
2026-06-29 14:23:34 - worker.ray_recieve_service - INFO - Receiving transcription messages
2026-06-29 14:23:54 - worker.ray_recieve_service - INFO - Receiving transcription messages
2026-06-29 14:24:14 - worker.ray_recieve_service - INFO - Receiving transcription messages
2026-06-29 14:24:34 - worker.ray_recieve_service - INFO - Receiving transcription messages
2026-06-29 14:24:54 - worker.ray_recieve_service - INFO - Receiving transcription messages
2026-06-29 14:25:14 - worker.ray_recieve_service - INFO - Receiving transcription messages
2026-06-29 14:25:34 - worker.ray_recieve_service - INFO - Receiving transcription messages
2026-06-29 14:25:54 - worker.ray_recieve_service - INFO - Receiving transcription messages
2026-06-29 14:26:14 - worker.ray_recieve_service - INFO - Receiving transcription messages
2026-06-29 14:26:34 - worker.ray_recieve_service - INFO - Receiving transcription messages
2026-06-29 14:26:54 - worker.ray_recieve_service - INFO - Receiving transcription messages
2026-06-29 14:27:14 - worker.ray_recieve_service - INFO - Receiving transcription messages
2026-06-29 14:27:34 - worker.ray_recieve_service - INFO - Receiving transcription messages
2026-06-29 14:27:54 - worker.ray_recieve_service - INFO - Receiving transcription messages
2026-06-29 14:28:14 - worker.ray_recieve_service - INFO - Receiving transcription messages
2026-06-29 14:28:34 - worker.ray_recieve_service - INFO - Receiving transcription messages
2026-06-29 14:28:54 - worker.ray_recieve_service - INFO - Receiving transcription messages
2026-06-29 14:29:14 - worker.ray_recieve_service - INFO - Receiving transcription messages
2026-06-29 14:29:34 - worker.ray_recieve_service - INFO - Receiving transcription messages
2026-06-29 14:29:54 - worker.ray_recieve_service - INFO - Receiving transcription messages
2026-06-29 14:30:14 - worker.ray_recieve_service - INFO - Receiving transcription messages
2026-06-29 14:30:34 - worker.ray_recieve_service - INFO - Receiving transcription messages
2026-06-29 14:30:54 - worker.ray_recieve_service - INFO - Receiving transcription messages
2026-06-29 14:31:14 - worker.ray_recieve_service - INFO - Receiving transcription messages
2026-06-29 14:31:34 - worker.ray_recieve_service - INFO - Receiving transcription messages
2026-06-29 14:31:54 - worker.ray_recieve_service - INFO - Receiving transcription messages
2026-06-29 14:32:14 - worker.ray_recieve_service - INFO - Receiving transcription messages
2026-06-29 14:32:34 - worker.ray_recieve_service - INFO - Receiving transcription messages
2026-06-29 14:32:54 - worker.ray_recieve_service - INFO - Receiving transcription messages
2026-06-29 14:33:14 - worker.ray_recieve_service - INFO - Receiving transcription messages
2026-06-29 14:33:34 - worker.ray_recieve_service - INFO - Receiving transcription messages
2026-06-29 14:33:54 - worker.ray_recieve_service - INFO - Receiving transcription messages
2026-06-29 14:34:14 - worker.ray_recieve_service - INFO - Receiving transcription messages
2026-06-29 14:34:34 - worker.ray_recieve_service - INFO - Receiving transcription messages
2026-06-29 14:34:54 - worker.ray_recieve_service - INFO - Receiving transcription messages
2026-06-29 14:35:14 - worker.ray_recieve_service - INFO - Receiving transcription messages
2026-06-29 14:35:34 - worker.ray_recieve_service - INFO - Receiving transcription messages
2026-06-29 14:35:54 - worker.ray_recieve_service - INFO - Receiving transcription messages
2026-06-29 14:36:14 - worker.ray_recieve_service - INFO - Receiving transcription messages
2026-06-29 14:36:34 - worker.ray_recieve_service - INFO - Receiving transcription messages
2026-06-29 14:36:54 - worker.ray_recieve_service - INFO - Receiving transcription messages
2026-06-29 14:37:14 - worker.ray_recieve_service - INFO - Receiving transcription messages
2026-06-29 14:37:34 - worker.ray_recieve_service - INFO - Receiving transcription messages
2026-06-29 14:37:54 - worker.ray_recieve_service - INFO - Receiving transcription messages
2026-06-29 14:38:14 - worker.ray_recieve_service - INFO - Receiving transcription messages
2026-06-29 14:38:34 - worker.ray_recieve_service - INFO - Receiving transcription messages
2026-06-29 14:38:54 - worker.ray_recieve_service - INFO - Receiving transcription messages
2026-06-29 14:39:15 - worker.ray_recieve_service - INFO - Receiving transcription messages
2026-06-29 14:39:35 - worker.ray_recieve_service - INFO - Receiving transcription messages
2026-06-29 14:39:55 - worker.ray_recieve_service - INFO - Receiving transcription messages
2026-06-29 14:40:15 - worker.ray_recieve_service - INFO - Receiving transcription messages
2026-06-29 14:40:35 - worker.ray_recieve_service - INFO - Receiving transcription messages
2026-06-29 14:40:55 - worker.ray_recieve_service - INFO - Receiving transcription messages
2026-06-29 14:41:15 - worker.ray_recieve_service - INFO - Receiving transcription messages
2026-06-29 14:41:35 - worker.ray_recieve_service - INFO - Receiving transcription messages
2026-06-29 14:41:55 - worker.ray_recieve_service - INFO - Receiving transcription messages
2026-06-29 14:42:15 - worker.ray_recieve_service - INFO - Receiving transcription messages
2026-06-29 14:42:35 - worker.ray_recieve_service - INFO - Receiving transcription messages
2026-06-29 14:42:55 - worker.ray_recieve_service - INFO - Receiving transcription messages
2026-06-29 14:43:15 - worker.ray_recieve_service - INFO - Receiving transcription messages
2026-06-29 14:43:35 - worker.ray_recieve_service - INFO - Receiving transcription messages
2026-06-29 14:43:55 - worker.ray_recieve_service - INFO - Receiving transcription messages
2026-06-29 14:44:15 - worker.ray_recieve_service - INFO - Receiving transcription messages
2026-06-29 14:44:35 - worker.ray_recieve_service - INFO - Receiving transcription messages
2026-06-29 14:44:55 - worker.ray_recieve_service - INFO - Receiving transcription messages
2026-06-29 14:45:15 - worker.ray_recieve_service - INFO - Receiving transcription messages
2026-06-29 14:45:35 - worker.ray_recieve_service - INFO - Receiving transcription messages
2026-06-29 14:45:55 - worker.ray_recieve_service - INFO - Receiving transcription messages
2026-06-29 14:46:15 - worker.ray_recieve_service - INFO - Receiving transcription messages
2026-06-29 14:46:35 - worker.ray_recieve_service - INFO - Receiving transcription messages
2026-06-29 14:46:55 - worker.ray_recieve_service - INFO - Receiving transcription messages
2026-06-29 14:47:15 - worker.ray_recieve_service - INFO - Receiving transcription messages
2026-06-29 14:47:35 - worker.ray_recieve_service - INFO - Receiving transcription messages
2026-06-29 14:47:55 - worker.ray_recieve_service - INFO - Receiving transcription messages
2026-06-29 14:48:15 - worker.ray_recieve_service - INFO - Receiving transcription messages
2026-06-29 14:48:35 - worker.ray_recieve_service - INFO - Receiving transcription messages
2026-06-29 14:48:55 - worker.ray_recieve_service - INFO - Receiving transcription messages
2026-06-29 14:49:15 - worker.ray_recieve_service - INFO - Receiving transcription messages
2026-06-29 14:49:35 - worker.ray_recieve_service - INFO - Receiving transcription messages
2026-06-29 14:49:55 - worker.ray_recieve_service - INFO - Receiving transcription messages
2026-06-29 14:50:15 - worker.ray_recieve_service - INFO - Receiving transcription messages
2026-06-29 14:50:35 - worker.ray_recieve_service - INFO - Receiving transcription messages
2026-06-29 14:50:55 - worker.ray_recieve_service - INFO - Receiving transcription messages
2026-06-29 14:51:15 - worker.ray_recieve_service - INFO - Receiving transcription messages
2026-06-29 14:51:35 - worker.ray_recieve_service - INFO - Receiving transcription messages
2026-06-29 14:51:55 - worker.ray_recieve_service - INFO - Receiving transcription messages
2026-06-29 14:52:15 - worker.ray_recieve_service - INFO - Receiving transcription messages
2026-06-29 14:52:35 - worker.ray_recieve_service - INFO - Receiving transcription messages
2026-06-29 14:52:55 - worker.ray_recieve_service - INFO - Receiving transcription messages
2026-06-29 14:53:15 - worker.ray_recieve_service - INFO - Receiving transcription messages
2026-06-29 14:53:35 - worker.ray_recieve_service - INFO - Receiving transcription messages
2026-06-29 14:53:55 - worker.ray_recieve_service - INFO - Receiving transcription messages
2026-06-29 14:54:15 - worker.ray_recieve_service - INFO - Receiving transcription messages
2026-06-29 14:54:35 - worker.ray_recieve_service - INFO - Receiving transcription messages
2026-06-29 14:54:55 - worker.ray_recieve_service - INFO - Receiving transcription messages
2026-06-29 14:55:15 - worker.ray_recieve_service - INFO - Receiving transcription messages
2026-06-29 14:55:35 - worker.ray_recieve_service - INFO - Receiving transcription messages
2026-06-29 14:55:55 - worker.ray_recieve_service - INFO - Receiving transcription messages
2026-06-29 14:56:15 - worker.ray_recieve_service - INFO - Receiving transcription messages
2026-06-29 14:56:35 - worker.ray_recieve_service - INFO - Receiving transcription messages
2026-06-29 14:56:55 - worker.ray_recieve_service - INFO - Receiving transcription messages
2026-06-29 14:57:15 - worker.ray_recieve_service - INFO - Receiving transcription messages
2026-06-29 14:57:35 - worker.ray_recieve_service - INFO - Receiving transcription messages
2026-06-29 14:57:55 - worker.ray_recieve_service - INFO - Receiving transcription messages
2026-06-29 14:58:15 - worker.ray_recieve_service - INFO - Receiving transcription messages
2026-06-29 14:58:35 - worker.ray_recieve_service - INFO - Receiving transcription messages
2026-06-29 14:58:55 - worker.ray_recieve_service - INFO - Receiving transcription messages
2026-06-29 14:59:15 - worker.ray_recieve_service - INFO - Receiving transcription messages
2026-06-29 14:59:35 - worker.ray_recieve_service - INFO - Receiving transcription messages
2026-06-29 14:59:55 - worker.ray_recieve_service - INFO - Receiving transcription messages
2026-06-29 15:00:15 - worker.ray_recieve_service - INFO - Receiving transcription messages
2026-06-29 15:00:35 - worker.ray_recieve_service - INFO - Receiving transcription messages
2026-06-29 15:00:55 - worker.ray_recieve_service - INFO - Receiving transcription messages
2026-06-29 15:01:15 - worker.ray_recieve_service - INFO - Receiving transcription messages
2026-06-29 15:01:35 - worker.ray_recieve_service - INFO - Receiving transcription messages
2026-06-29 15:01:55 - worker.ray_recieve_service - INFO - Receiving transcription messages
2026-06-29 15:02:15 - worker.ray_recieve_service - INFO - Receiving transcription messages
2026-06-29 15:02:35 - worker.ray_recieve_service - INFO - Receiving transcription messages
2026-06-29 15:02:55 - worker.ray_recieve_service - INFO - Receiving transcription messages
2026-06-29 15:03:15 - worker.ray_recieve_service - INFO - Receiving transcription messages
2026-06-29 15:03:35 - worker.ray_recieve_service - INFO - Receiving transcription messages
2026-06-29 15:03:55 - worker.ray_recieve_service - INFO - Receiving transcription messages
2026-06-29 15:04:15 - worker.ray_recieve_service - INFO - Receiving transcription messages
2026-06-29 15:04:35 - worker.ray_recieve_service - INFO - Receiving transcription messages
2026-06-29 15:04:55 - worker.ray_recieve_service - INFO - Receiving transcription messages
2026-06-29 15:05:15 - worker.ray_recieve_service - INFO - Receiving transcription messages
2026-06-29 15:05:35 - worker.ray_recieve_service - INFO - Receiving transcription messages
2026-06-29 15:05:55 - worker.ray_recieve_service - INFO - Receiving transcription messages
2026-06-29 15:06:15 - worker.ray_recieve_service - INFO - Receiving transcription messages
2026-06-29 15:06:35 - worker.ray_recieve_service - INFO - Receiving transcription messages
2026-06-29 15:06:55 - worker.ray_recieve_service - INFO - Receiving transcription messages
2026-06-29 15:07:15 - worker.ray_recieve_service - INFO - Receiving transcription messages
2026-06-29 15:07:35 - worker.ray_recieve_service - INFO - Receiving transcription messages
2026-06-29 15:07:55 - worker.ray_recieve_service - INFO - Receiving transcription messages
2026-06-29 15:08:15 - worker.ray_recieve_service - INFO - Receiving transcription messages
2026-06-29 15:08:35 - worker.ray_recieve_service - INFO - Receiving transcription messages
2026-06-29 15:08:55 - worker.ray_recieve_service - INFO - Receiving transcription messages
2026-06-29 15:09:15 - worker.ray_recieve_service - INFO - Receiving transcription messages
2026-06-29 15:09:35 - worker.ray_recieve_service - INFO - Receiving transcription messages
2026-06-29 15:09:55 - worker.ray_recieve_service - INFO - Receiving transcription messages
2026-06-29 15:10:15 - worker.ray_recieve_service - INFO - Receiving transcription messages
2026-06-29 15:10:35 - worker.ray_recieve_service - INFO - Receiving transcription messages
2026-06-29 15:10:55 - worker.ray_recieve_service - INFO - Receiving transcription messages
2026-06-29 15:11:15 - worker.ray_recieve_service - INFO - Receiving transcription messages
2026-06-29 15:11:35 - worker.ray_recieve_service - INFO - Receiving transcription messages
2026-06-29 15:11:55 - worker.ray_recieve_service - INFO - Receiving transcription messages
2026-06-29 15:12:15 - worker.ray_recieve_service - INFO - Receiving transcription messages
2026-06-29 15:12:35 - worker.ray_recieve_service - INFO - Receiving transcription messages
2026-06-29 15:12:55 - worker.ray_recieve_service - INFO - Receiving transcription messages
2026-06-29 15:13:15 - worker.ray_recieve_service - INFO - Receiving transcription messages
2026-06-29 15:13:35 - worker.ray_recieve_service - INFO - Receiving transcription messages
2026-06-29 15:13:55 - worker.ray_recieve_service - INFO - Receiving transcription messages
2026-06-29 15:14:16 - worker.ray_recieve_service - INFO - Receiving transcription messages
2026-06-29 15:14:36 - worker.ray_recieve_service - INFO - Receiving transcription messages
2026-06-29 15:14:56 - worker.ray_recieve_service - INFO - Receiving transcription messages
2026-06-29 15:15:16 - worker.ray_recieve_service - INFO - Receiving transcription messages
2026-06-29 15:15:36 - worker.ray_recieve_service - INFO - Receiving transcription messages
2026-06-29 15:15:56 - worker.ray_recieve_service - INFO - Receiving transcription messages
2026-06-29 15:16:16 - worker.ray_recieve_service - INFO - Receiving transcription messages
2026-06-29 15:16:36 - worker.ray_recieve_service - INFO - Receiving transcription messages
2026-06-29 15:16:56 - worker.ray_recieve_service - INFO - Receiving transcription messages
2026-06-29 15:17:16 - worker.ray_recieve_service - INFO - Receiving transcription messages
2026-06-29 15:17:36 - worker.ray_recieve_service - INFO - Receiving transcription messages
2026-06-29 15:17:56 - worker.ray_recieve_service - INFO - Receiving transcription messages
2026-06-29 15:18:16 - worker.ray_recieve_service - INFO - Receiving transcription messages
2026-06-29 15:18:36 - worker.ray_recieve_service - INFO - Receiving transcription messages
2026-06-29 15:18:56 - worker.ray_recieve_service - INFO - Receiving transcription messages
2026-06-29 15:19:16 - worker.ray_recieve_service - INFO - Receiving transcription messages
2026-06-29 15:19:36 - worker.ray_recieve_service - INFO - Receiving transcription messages
2026-06-29 15:19:56 - worker.ray_recieve_service - INFO - Receiving transcription messages
2026-06-29 15:20:16 - worker.ray_recieve_service - INFO - Receiving transcription messages
2026-06-29 15:20:36 - worker.ray_recieve_service - INFO - Receiving transcription messages
2026-06-29 15:20:56 - worker.ray_recieve_service - INFO - Receiving transcription messages
2026-06-29 15:21:16 - worker.ray_recieve_service - INFO - Receiving transcription messages
2026-06-29 15:21:36 - worker.ray_recieve_service - INFO - Receiving transcription messages
2026-06-29 15:21:56 - worker.ray_recieve_service - INFO - Receiving transcription messages
2026-06-29 15:22:16 - worker.ray_recieve_service - INFO - Receiving transcription messages
2026-06-29 15:22:36 - worker.ray_recieve_service - INFO - Receiving transcription messages
2026-06-29 15:22:56 - worker.ray_recieve_service - INFO - Receiving transcription messages
2026-06-29 15:23:16 - worker.ray_recieve_service - INFO - Receiving transcription messages
2026-06-29 15:23:36 - worker.ray_recieve_service - INFO - Receiving transcription messages
2026-06-29 15:23:56 - worker.ray_recieve_service - INFO - Receiving transcription messages
2026-06-29 15:24:16 - worker.ray_recieve_service - INFO - Receiving transcription messages
2026-06-29 15:24:36 - worker.ray_recieve_service - INFO - Receiving transcription messages
2026-06-29 15:24:56 - worker.ray_recieve_service - INFO - Receiving transcription messages
2026-06-29 15:25:16 - worker.ray_recieve_service - INFO - Receiving transcription messages
2026-06-29 15:25:36 - worker.ray_recieve_service - INFO - Receiving transcription messages
2026-06-29 15:25:56 - worker.ray_recieve_service - INFO - Receiving transcription messages
2026-06-29 15:26:16 - worker.ray_recieve_service - INFO - Receiving transcription messages
2026-06-29 15:26:36 - worker.ray_recieve_service - INFO - Receiving transcription messages
2026-06-29 15:26:56 - worker.ray_recieve_service - INFO - Receiving transcription messages
2026-06-29 15:27:16 - worker.ray_recieve_service - INFO - Receiving transcription messages
2026-06-29 15:27:36 - worker.ray_recieve_service - INFO - Receiving transcription messages
2026-06-29 15:27:56 - worker.ray_recieve_service - INFO - Receiving transcription messages
2026-06-29 15:28:16 - worker.ray_recieve_service - INFO - Receiving transcription messages
2026-06-29 15:28:36 - worker.ray_recieve_service - INFO - Receiving transcription messages
2026-06-29 15:28:56 - worker.ray_recieve_service - INFO - Receiving transcription messages
2026-06-29 15:29:16 - worker.ray_recieve_service - INFO - Receiving transcription messages
2026-06-29 15:29:36 - worker.ray_recieve_service - INFO - Receiving transcription messages
2026-06-29 15:29:56 - worker.ray_recieve_service - INFO - Receiving transcription messages
2026-06-29 15:30:16 - worker.ray_recieve_service - INFO - Receiving transcription messages
2026-06-29 15:30:36 - worker.ray_recieve_service - INFO - Receiving transcription messages
2026-06-29 15:30:56 - worker.ray_recieve_service - INFO - Receiving transcription messages
2026-06-29 15:31:16 - worker.ray_recieve_service - INFO - Receiving transcription messages
2026-06-29 15:31:36 - worker.ray_recieve_service - INFO - Receiving transcription messages
2026-06-29 15:31:56 - worker.ray_recieve_service - INFO - Receiving transcription messages
2026-06-29 15:32:16 - worker.ray_recieve_service - INFO - Receiving transcription messages
2026-06-29 15:32:36 - worker.ray_recieve_service - INFO - Receiving transcription messages
2026-06-29 15:32:56 - worker.ray_recieve_service - INFO - Receiving transcription messages
2026-06-29 15:33:16 - worker.ray_recieve_service - INFO - Receiving transcription messages
2026-06-29 15:33:36 - worker.ray_recieve_service - INFO - Receiving transcription messages
2026-06-29 15:33:56 - worker.ray_recieve_service - INFO - Receiving transcription messages
2026-06-29 15:34:16 - worker.ray_recieve_service - INFO - Receiving transcription messages
2026-06-29 15:34:36 - worker.ray_recieve_service - INFO - Receiving transcription messages
2026-06-29 15:34:56 - worker.ray_recieve_service - INFO - Receiving transcription messages
2026-06-29 15:35:16 - worker.ray_recieve_service - INFO - Receiving transcription messages
2026-06-29 15:35:36 - worker.ray_recieve_service - INFO - Receiving transcription messages
2026-06-29 15:35:56 - worker.ray_recieve_service - INFO - Receiving transcription messages
2026-06-29 15:36:16 - worker.ray_recieve_service - INFO - Receiving transcription messages
2026-06-29 15:36:36 - worker.ray_recieve_service - INFO - Receiving transcription messages
2026-06-29 15:36:56 - worker.ray_recieve_service - INFO - Receiving transcription messages
2026-06-29 15:37:16 - worker.ray_recieve_service - INFO - Receiving transcription messages
2026-06-29 15:37:36 - worker.ray_recieve_service - INFO - Receiving transcription messages
2026-06-29 15:37:56 - worker.ray_recieve_service - INFO - Receiving transcription messages
2026-06-29 15:38:16 - worker.ray_recieve_service - INFO - Receiving transcription messages
2026-06-29 15:38:36 - worker.ray_recieve_service - INFO - Receiving transcription messages
2026-06-29 15:38:56 - worker.ray_recieve_service - INFO - Receiving transcription messages
2026-06-29 15:39:16 - worker.ray_recieve_service - INFO - Receiving transcription messages
2026-06-29 15:39:36 - worker.ray_recieve_service - INFO - Receiving transcription messages
2026-06-29 15:39:56 - worker.ray_recieve_service - INFO - Receiving transcription messages
2026-06-29 15:40:16 - worker.ray_recieve_service - INFO - Receiving transcription messages
2026-06-29 15:40:36 - worker.ray_recieve_service - INFO - Receiving transcription messages
2026-06-29 15:40:56 - worker.ray_recieve_service - INFO - Receiving transcription messages
2026-06-29 15:41:16 - worker.ray_recieve_service - INFO - Receiving transcription messages
2026-06-29 15:41:36 - worker.ray_recieve_service - INFO - Receiving transcription messages
2026-06-29 15:41:56 - worker.ray_recieve_service - INFO - Receiving transcription messages
2026-06-29 15:42:16 - worker.ray_recieve_service - INFO - Receiving transcription messages
2026-06-29 15:42:36 - worker.ray_recieve_service - INFO - Receiving transcription messages
2026-06-29 15:42:56 - worker.ray_recieve_service - INFO - Receiving transcription messages
2026-06-29 15:43:16 - worker.ray_recieve_service - INFO - Receiving transcription messages
2026-06-29 15:43:36 - worker.ray_recieve_service - INFO - Receiving transcription messages
2026-06-29 15:43:56 - worker.ray_recieve_service - INFO - Receiving transcription messages
2026-06-29 15:44:16 - worker.ray_recieve_service - INFO - Receiving transcription messages
2026-06-29 15:44:37 - worker.ray_recieve_service - INFO - Receiving transcription messages
2026-06-29 15:44:57 - worker.ray_recieve_service - INFO - Receiving transcription messages
2026-06-29 15:45:17 - worker.ray_recieve_service - INFO - Receiving transcription messages
2026-06-29 15:45:37 - worker.ray_recieve_service - INFO - Receiving transcription messages
2026-06-29 15:45:57 - worker.ray_recieve_service - INFO - Receiving transcription messages
2026-06-29 15:46:17 - worker.ray_recieve_service - INFO - Receiving transcription messages
2026-06-29 15:46:37 - worker.ray_recieve_service - INFO - Receiving transcription messages
2026-06-29 15:46:57 - worker.ray_recieve_service - INFO - Receiving transcription messages
2026-06-29 15:47:17 - worker.ray_recieve_service - INFO - Receiving transcription messages
2026-06-29 15:47:37 - worker.ray_recieve_service - INFO - Receiving transcription messages
2026-06-29 15:47:57 - worker.ray_recieve_service - INFO - Receiving transcription messages
2026-06-29 15:48:17 - worker.ray_recieve_service - INFO - Receiving transcription messages
2026-06-29 15:48:37 - worker.ray_recieve_service - INFO - Receiving transcription messages
2026-06-29 15:48:57 - worker.ray_recieve_service - INFO - Receiving transcription messages
2026-06-29 15:49:17 - worker.ray_recieve_service - INFO - Receiving transcription messages
2026-06-29 15:49:37 - worker.ray_recieve_service - INFO - Receiving transcription messages
2026-06-29 15:49:57 - worker.ray_recieve_service - INFO - Receiving transcription messages
2026-06-29 15:50:17 - worker.ray_recieve_service - INFO - Receiving transcription messages
2026-06-29 15:50:37 - worker.ray_recieve_service - INFO - Receiving transcription messages
2026-06-29 15:50:57 - worker.ray_recieve_service - INFO - Receiving transcription messages
2026-06-29 15:51:17 - worker.ray_recieve_service - INFO - Receiving transcription messages
2026-06-29 15:51:37 - worker.ray_recieve_service - INFO - Receiving transcription messages
2026-06-29 15:51:57 - worker.ray_recieve_service - INFO - Receiving transcription messages
2026-06-29 15:52:17 - worker.ray_recieve_service - INFO - Receiving transcription messages
2026-06-29 15:52:37 - worker.ray_recieve_service - INFO - Receiving transcription messages
2026-06-29 15:52:57 - worker.ray_recieve_service - INFO - Receiving transcription messages
2026-06-29 15:53:17 - worker.ray_recieve_service - INFO - Receiving transcription messages
2026-06-29 15:53:37 - worker.ray_recieve_service - INFO - Receiving transcription messages
2026-06-29 15:53:57 - worker.ray_recieve_service - INFO - Receiving transcription messages
2026-06-29 15:54:17 - worker.ray_recieve_service - INFO - Receiving transcription messages
2026-06-29 15:54:37 - worker.ray_recieve_service - INFO - Receiving transcription messages
2026-06-29 15:54:57 - worker.ray_recieve_service - INFO - Receiving transcription messages
2026-06-29 15:55:17 - worker.ray_recieve_service - INFO - Receiving transcription messages
2026-06-29 15:55:37 - worker.ray_recieve_service - INFO - Receiving transcription messages
2026-06-29 15:55:57 - worker.ray_recieve_service - INFO - Receiving transcription messages
2026-06-29 15:56:17 - worker.ray_recieve_service - INFO - Receiving transcription messages
2026-06-29 15:56:37 - worker.ray_recieve_service - INFO - Receiving transcription messages
2026-06-29 15:56:57 - worker.ray_recieve_service - INFO - Receiving transcription messages
2026-06-29 15:57:17 - worker.ray_recieve_service - INFO - Receiving transcription messages
2026-06-29 15:57:37 - worker.ray_recieve_service - INFO - Receiving transcription messages
2026-06-29 15:58:47 - worker.ray_recieve_service - INFO - Receiving transcription messages
2026-06-29 15:59:07 - worker.ray_recieve_service - INFO - Receiving transcription messages
2026-06-29 16:43:34 - worker.ray_recieve_service - INFO - Receiving transcription messages
2026-06-29 16:43:54 - worker.ray_recieve_service - INFO - Receiving transcription messages
2026-06-29 17:58:27 - worker.ray_recieve_service - INFO - Receiving transcription messages
2026-06-29 17:58:47 - worker.ray_recieve_service - INFO - Receiving transcription messages
2026-06-29 18:14:28 - worker.ray_recieve_service - INFO - Receiving transcription messages
2026-06-29 18:14:48 - worker.ray_recieve_service - INFO - Receiving transcription messages
2026-06-29 18:32:38 - worker.ray_recieve_service - INFO - Receiving transcription messages
2026-06-29 18:32:58 - worker.ray_recieve_service - INFO - Receiving transcription messages
2026-06-29 20:00:26 - worker.ray_recieve_service - INFO - Receiving transcription messages
2026-06-29 20:00:46 - worker.ray_recieve_service - INFO - Receiving transcription messages
2026-06-29 21:01:34 - worker.ray_recieve_service - INFO - Receiving transcription messages
2026-06-29 21:01:54 - worker.ray_recieve_service - INFO - Receiving transcription messages
2026-06-29 21:26:48 - worker.ray_recieve_service - INFO - Receiving transcription messages
2026-06-29 21:27:08 - worker.ray_recieve_service - INFO - Receiving transcription messages
2026-06-29 21:59:06 - worker.ray_recieve_service - INFO - Receiving transcription messages
2026-06-29 21:59:26 - worker.ray_recieve_service - INFO - Receiving transcription messages
2026-06-29 23:19:16 - worker.ray_recieve_service - INFO - Receiving transcription messages
2026-06-29 23:19:36 - worker.ray_recieve_service - INFO - Receiving transcription messages
2026-06-30 00:20:07 - worker.ray_recieve_service - INFO - Receiving transcription messages
2026-06-30 00:20:27 - worker.ray_recieve_service - INFO - Receiving transcription messages
2026-06-30 02:21:14 - worker.ray_recieve_service - INFO - Receiving transcription messages
2026-06-30 02:21:34 - worker.ray_recieve_service - INFO - Receiving transcription messages
2026-06-30 04:19:43 - worker.ray_recieve_service - INFO - Receiving transcription messages
2026-06-30 04:20:03 - worker.ray_recieve_service - INFO - Receiving transcription messages
2026-06-30 05:34:19 - worker.ray_recieve_service - INFO - Receiving transcription messages
2026-06-30 05:34:39 - worker.ray_recieve_service - INFO - Receiving transcription messages
2026-06-30 05:56:32 - worker.ray_recieve_service - INFO - Receiving transcription messages
2026-06-30 05:56:52 - worker.ray_recieve_service - INFO - Receiving transcription messages
2026-06-30 06:46:07 - worker.ray_recieve_service - INFO - Receiving transcription messages
2026-06-30 06:46:27 - worker.ray_recieve_service - INFO - Receiving transcription messages
2026-06-30 07:42:07 - worker.ray_recieve_service - INFO - Receiving transcription messages
2026-06-30 07:42:27 - worker.ray_recieve_service - INFO - Receiving transcription messages
2026-06-30 08:03:17 - worker.ray_recieve_service - INFO - Receiving transcription messages
2026-06-30 08:03:37 - worker.ray_recieve_service - INFO - Receiving transcription messages
2026-06-30 08:19:42 - worker.ray_recieve_service - INFO - Receiving transcription messages
2026-06-30 08:20:02 - worker.ray_recieve_service - INFO - Receiving transcription messages
2026-06-30 08:20:22 - worker.ray_recieve_service - INFO - Receiving transcription messages
2026-06-30 08:20:42 - worker.ray_recieve_service - INFO - Receiving transcription messages
2026-06-30 08:21:02 - worker.ray_recieve_service - INFO - Receiving transcription messages
2026-06-30 08:21:22 - worker.ray_recieve_service - INFO - Receiving transcription messages
2026-06-30 08:21:42 - worker.ray_recieve_service - INFO - Receiving transcription messages
2026-06-30 08:22:02 - worker.ray_recieve_service - INFO - Receiving transcription messages
2026-06-30 08:22:22 - worker.ray_recieve_service - INFO - Receiving transcription messages
2026-06-30 08:22:42 - worker.ray_recieve_service - INFO - Receiving transcription messages
2026-06-30 08:23:02 - worker.ray_recieve_service - INFO - Receiving transcription messages
2026-06-30 08:23:22 - worker.ray_recieve_service - INFO - Receiving transcription messages
2026-06-30 08:23:42 - worker.ray_recieve_service - INFO - Receiving transcription messages
2026-06-30 08:24:02 - worker.ray_recieve_service - INFO - Receiving transcription messages
2026-06-30 08:24:22 - worker.ray_recieve_service - INFO - Receiving transcription messages
2026-06-30 08:24:42 - worker.ray_recieve_service - INFO - Receiving transcription messages
2026-06-30 08:25:02 - worker.ray_recieve_service - INFO - Receiving transcription messages
2026-06-30 08:25:22 - worker.ray_recieve_service - INFO - Receiving transcription messages
2026-06-30 08:25:42 - worker.ray_recieve_service - INFO - Receiving transcription messages
2026-06-30 08:26:02 - worker.ray_recieve_service - INFO - Receiving transcription messages
2026-06-30 08:26:22 - worker.ray_recieve_service - INFO - Receiving transcription messages
2026-06-30 08:26:42 - worker.ray_recieve_service - INFO - Receiving transcription messages
2026-06-30 08:27:02 - worker.ray_recieve_service - INFO - Receiving transcription messages
2026-06-30 08:27:22 - worker.ray_recieve_service - INFO - Receiving transcription messages
2026-06-30 08:27:42 - worker.ray_recieve_service - INFO - Receiving transcription messages
2026-06-30 08:28:02 - worker.ray_recieve_service - INFO - Receiving transcription messages
2026-06-30 08:28:22 - worker.ray_recieve_service - INFO - Receiving transcription messages
2026-06-30 08:28:42 - worker.ray_recieve_service - INFO - Receiving transcription messages
2026-06-30 08:29:02 - worker.ray_recieve_service - INFO - Receiving transcription messages
2026-06-30 08:29:22 - worker.ray_recieve_service - INFO - Receiving transcription messages
2026-06-30 08:29:42 - worker.ray_recieve_service - INFO - Receiving transcription messages
2026-06-30 08:30:02 - worker.ray_recieve_service - INFO - Receiving transcription messages
2026-06-30 08:30:22 - worker.ray_recieve_service - INFO - Receiving transcription messages
2026-06-30 08:30:42 - worker.ray_recieve_service - INFO - Receiving transcription messages
2026-06-30 08:31:02 - worker.ray_recieve_service - INFO - Receiving transcription messages
2026-06-30 08:31:22 - worker.ray_recieve_service - INFO - Receiving transcription messages
2026-06-30 08:31:42 - worker.ray_recieve_service - INFO - Receiving transcription messages
2026-06-30 08:32:02 - worker.ray_recieve_service - INFO - Receiving transcription messages
2026-06-30 08:32:22 - worker.ray_recieve_service - INFO - Receiving transcription messages
2026-06-30 08:32:42 - worker.ray_recieve_service - INFO - Receiving transcription messages
2026-06-30 08:33:02 - worker.ray_recieve_service - INFO - Receiving transcription messages
2026-06-30 08:33:22 - worker.ray_recieve_service - INFO - Receiving transcription messages
2026-06-30 08:33:42 - worker.ray_recieve_service - INFO - Receiving transcription messages
2026-06-30 08:34:02 - worker.ray_recieve_service - INFO - Receiving transcription messages
2026-06-30 08:34:22 - worker.ray_recieve_service - INFO - Receiving transcription messages
2026-06-30 08:34:42 - worker.ray_recieve_service - INFO - Receiving transcription messages
2026-06-30 08:35:02 - worker.ray_recieve_service - INFO - Receiving transcription messages
2026-06-30 08:35:22 - worker.ray_recieve_service - INFO - Receiving transcription messages
2026-06-30 08:35:42 - worker.ray_recieve_service - INFO - Receiving transcription messages
2026-06-30 08:36:02 - worker.ray_recieve_service - INFO - Receiving transcription messages
2026-06-30 08:36:22 - worker.ray_recieve_service - INFO - Receiving transcription messages
2026-06-30 08:36:42 - worker.ray_recieve_service - INFO - Receiving transcription messages
2026-06-30 08:37:02 - worker.ray_recieve_service - INFO - Receiving transcription messages
2026-06-30 08:37:22 - worker.ray_recieve_service - INFO - Receiving transcription messages
2026-06-30 08:37:42 - worker.ray_recieve_service - INFO - Receiving transcription messages
2026-06-30 08:38:02 - worker.ray_recieve_service - INFO - Receiving transcription messages
2026-06-30 08:38:22 - worker.ray_recieve_service - INFO - Receiving transcription messages
2026-06-30 08:38:42 - worker.ray_recieve_service - INFO - Receiving transcription messages
2026-06-30 08:39:02 - worker.ray_recieve_service - INFO - Receiving transcription messages
2026-06-30 08:39:22 - worker.ray_recieve_service - INFO - Receiving transcription messages
2026-06-30 08:39:42 - worker.ray_recieve_service - INFO - Receiving transcription messages
2026-06-30 08:40:02 - worker.ray_recieve_service - INFO - Receiving transcription messages
2026-06-30 08:40:22 - worker.ray_recieve_service - INFO - Receiving transcription messages
2026-06-30 08:40:42 - worker.ray_recieve_service - INFO - Receiving transcription messages
2026-06-30 08:41:02 - worker.ray_recieve_service - INFO - Receiving transcription messages
2026-06-30 08:41:22 - worker.ray_recieve_service - INFO - Receiving transcription messages
2026-06-30 08:41:42 - worker.ray_recieve_service - INFO - Receiving transcription messages
2026-06-30 08:42:02 - worker.ray_recieve_service - INFO - Receiving transcription messages
2026-06-30 08:42:22 - worker.ray_recieve_service - INFO - Receiving transcription messages
2026-06-30 08:42:42 - worker.ray_recieve_service - INFO - Receiving transcription messages
2026-06-30 08:43:02 - worker.ray_recieve_service - INFO - Receiving transcription messages
2026-06-30 08:43:22 - worker.ray_recieve_service - INFO - Receiving transcription messages
2026-06-30 08:43:39 - worker.ray_recieve_service - INFO - Received minute id for transcription: df02b7a3-fcdc-4f2e-af66-213433002414
2026-06-30 08:43:39 - common.audio.ffmpeg - INFO - Getting number of audio stream using ffprobe
2026-06-30 08:43:39 - common.audio.ffmpeg - INFO - Successfully got number of channels using ffprobe: channels=1
2026-06-30 08:43:39 - common.audio.ffmpeg - INFO - Probing input file for audio streams
2026-06-30 08:43:41 - common.audio.ffmpeg - INFO - FFmpeg command completed successfully
2026-06-30 08:43:41 - common.audio.ffmpeg - INFO - Getting audio duration using ffprobe
2026-06-30 08:43:41 - common.audio.ffmpeg - INFO - Successfully got duration using ffprobe: duration=481.656
2026-06-30 08:44:03 - httpx - INFO - HTTP Request: POST https://swedencentral.api.cognitive.microsoft.com/speechtotext/transcriptions:transcribe?api-version=2024-11-15 "HTTP/1.1 200 OK"
2026-06-30 08:44:03 - google_genai.models - INFO - AFC is enabled with max remote calls: 10.
2026-06-30 08:44:05 - google_genai.models - INFO - AFC is enabled with max remote calls: 10.
2026-06-30 08:44:06 - worker.ray_recieve_service - INFO - Transcription complete for minute id df02b7a3-fcdc-4f2e-af66-213433002414 complete
2026-06-30 08:44:06 - worker.ray_recieve_service - INFO - Receiving transcription messages
2026-06-30 08:44:26 - worker.ray_recieve_service - INFO - Receiving transcription messages
2026-06-30 08:44:46 - worker.ray_recieve_service - INFO - Receiving transcription messages
2026-06-30 08:45:06 - worker.ray_recieve_service - INFO - Receiving transcription messages
2026-06-30 08:45:26 - worker.ray_recieve_service - INFO - Receiving transcription messages
2026-06-30 08:45:46 - worker.ray_recieve_service - INFO - Receiving transcription messages
2026-06-30 08:46:06 - worker.ray_recieve_service - INFO - Receiving transcription messages
2026-06-30 08:46:26 - worker.ray_recieve_service - INFO - Receiving transcription messages
2026-06-30 08:46:46 - worker.ray_recieve_service - INFO - Receiving transcription messages
2026-06-30 08:47:06 - worker.ray_recieve_service - INFO - Receiving transcription messages
2026-06-30 08:47:26 - worker.ray_recieve_service - INFO - Receiving transcription messages
2026-06-30 08:47:46 - worker.ray_recieve_service - INFO - Receiving transcription messages
2026-06-30 08:48:06 - worker.ray_recieve_service - INFO - Receiving transcription messages
2026-06-30 08:48:26 - worker.ray_recieve_service - INFO - Receiving transcription messages
2026-06-30 08:48:46 - worker.ray_recieve_service - INFO - Receiving transcription messages
2026-06-30 08:49:06 - worker.ray_recieve_service - INFO - Receiving transcription messages
2026-06-30 08:49:26 - worker.ray_recieve_service - INFO - Receiving transcription messages
2026-06-30 08:49:46 - worker.ray_recieve_service - INFO - Receiving transcription messages
2026-06-30 08:50:06 - worker.ray_recieve_service - INFO - Receiving transcription messages
2026-06-30 08:50:26 - worker.ray_recieve_service - INFO - Receiving transcription messages
2026-06-30 08:50:46 - worker.ray_recieve_service - INFO - Receiving transcription messages
2026-06-30 08:51:06 - worker.ray_recieve_service - INFO - Receiving transcription messages
2026-06-30 08:51:26 - worker.ray_recieve_service - INFO - Receiving transcription messages
2026-06-30 08:51:46 - worker.ray_recieve_service - INFO - Receiving transcription messages
2026-06-30 08:52:06 - worker.ray_recieve_service - INFO - Receiving transcription messages
2026-06-30 08:52:26 - worker.ray_recieve_service - INFO - Receiving transcription messages
2026-06-30 08:52:46 - worker.ray_recieve_service - INFO - Receiving transcription messages
2026-06-30 08:53:06 - worker.ray_recieve_service - INFO - Receiving transcription messages
2026-06-30 08:53:26 - worker.ray_recieve_service - INFO - Receiving transcription messages
2026-06-30 08:53:46 - worker.ray_recieve_service - INFO - Receiving transcription messages
2026-06-30 08:54:06 - worker.ray_recieve_service - INFO - Receiving transcription messages
2026-06-30 08:54:26 - worker.ray_recieve_service - INFO - Receiving transcription messages
2026-06-30 08:54:46 - worker.ray_recieve_service - INFO - Receiving transcription messages
2026-06-30 08:55:06 - worker.ray_recieve_service - INFO - Receiving transcription messages
2026-06-30 08:55:26 - worker.ray_recieve_service - INFO - Receiving transcription messages
2026-06-30 08:55:46 - worker.ray_recieve_service - INFO - Receiving transcription messages
2026-06-30 08:56:06 - worker.ray_recieve_service - INFO - Receiving transcription messages
2026-06-30 08:56:26 - worker.ray_recieve_service - INFO - Receiving transcription messages
2026-06-30 08:56:46 - worker.ray_recieve_service - INFO - Receiving transcription messages
2026-06-30 08:57:06 - worker.ray_recieve_service - INFO - Receiving transcription messages
2026-06-30 08:57:26 - worker.ray_recieve_service - INFO - Receiving transcription messages
2026-06-30 08:57:46 - worker.ray_recieve_service - INFO - Receiving transcription messages
2026-06-30 08:58:06 - worker.ray_recieve_service - INFO - Receiving transcription messages
2026-06-30 08:58:26 - worker.ray_recieve_service - INFO - Receiving transcription messages
2026-06-30 08:58:46 - worker.ray_recieve_service - INFO - Receiving transcription messages
2026-06-30 08:59:06 - worker.ray_recieve_service - INFO - Receiving transcription messages
2026-06-30 08:59:26 - worker.ray_recieve_service - INFO - Receiving transcription messages
2026-06-30 08:59:46 - worker.ray_recieve_service - INFO - Receiving transcription messages
2026-06-30 09:00:06 - worker.ray_recieve_service - INFO - Receiving transcription messages
2026-06-30 09:00:26 - worker.ray_recieve_service - INFO - Receiving transcription messages
2026-06-30 09:00:46 - worker.ray_recieve_service - INFO - Receiving transcription messages
2026-06-30 09:01:06 - worker.ray_recieve_service - INFO - Receiving transcription messages
2026-06-30 09:01:26 - worker.ray_recieve_service - INFO - Receiving transcription messages
2026-06-30 09:01:46 - worker.ray_recieve_service - INFO - Receiving transcription messages
2026-06-30 09:02:06 - worker.ray_recieve_service - INFO - Receiving transcription messages
2026-06-30 09:02:26 - worker.ray_recieve_service - INFO - Receiving transcription messages
2026-06-30 09:02:46 - worker.ray_recieve_service - INFO - Receiving transcription messages
2026-06-30 09:03:06 - worker.ray_recieve_service - INFO - Receiving transcription messages
2026-06-30 09:03:26 - worker.ray_recieve_service - INFO - Receiving transcription messages
2026-06-30 09:03:46 - worker.ray_recieve_service - INFO - Receiving transcription messages
2026-06-30 09:04:06 - worker.ray_recieve_service - INFO - Receiving transcription messages
2026-06-30 09:04:26 - worker.ray_recieve_service - INFO - Receiving transcription messages
2026-06-30 09:04:47 - worker.ray_recieve_service - INFO - Receiving transcription messages
2026-06-30 09:05:07 - worker.ray_recieve_service - INFO - Receiving transcription messages
2026-06-30 09:05:27 - worker.ray_recieve_service - INFO - Receiving transcription messages
2026-06-30 09:05:47 - worker.ray_recieve_service - INFO - Receiving transcription messages
2026-06-30 09:06:07 - worker.ray_recieve_service - INFO - Receiving transcription messages
2026-06-30 09:06:27 - worker.ray_recieve_service - INFO - Receiving transcription messages
2026-06-30 09:06:47 - worker.ray_recieve_service - INFO - Receiving transcription messages
2026-06-30 09:07:07 - worker.ray_recieve_service - INFO - Receiving transcription messages
2026-06-30 09:07:27 - worker.ray_recieve_service - INFO - Receiving transcription messages
2026-06-30 09:07:47 - worker.ray_recieve_service - INFO - Receiving transcription messages
2026-06-30 09:08:07 - worker.ray_recieve_service - INFO - Receiving transcription messages
2026-06-30 09:08:27 - worker.ray_recieve_service - INFO - Receiving transcription messages
2026-06-30 09:08:47 - worker.ray_recieve_service - INFO - Receiving transcription messages
2026-06-30 09:09:07 - worker.ray_recieve_service - INFO - Receiving transcription messages
2026-06-30 09:09:27 - worker.ray_recieve_service - INFO - Receiving transcription messages
2026-06-30 09:09:47 - worker.ray_recieve_service - INFO - Receiving transcription messages
2026-06-30 09:10:07 - worker.ray_recieve_service - INFO - Receiving transcription messages
2026-06-30 09:10:27 - worker.ray_recieve_service - INFO - Receiving transcription messages
2026-06-30 09:10:47 - worker.ray_recieve_service - INFO - Receiving transcription messages
2026-06-30 09:11:07 - worker.ray_recieve_service - INFO - Receiving transcription messages
2026-06-30 09:11:27 - worker.ray_recieve_service - INFO - Receiving transcription messages
2026-06-30 09:11:47 - worker.ray_recieve_service - INFO - Receiving transcription messages
2026-06-30 09:12:07 - worker.ray_recieve_service - INFO - Receiving transcription messages
2026-06-30 09:12:27 - worker.ray_recieve_service - INFO - Receiving transcription messages
2026-06-30 09:12:47 - worker.ray_recieve_service - INFO - Receiving transcription messages
2026-06-30 09:13:07 - worker.ray_recieve_service - INFO - Receiving transcription messages
2026-06-30 09:13:27 - worker.ray_recieve_service - INFO - Receiving transcription messages
2026-06-30 09:13:47 - worker.ray_recieve_service - INFO - Receiving transcription messages
2026-06-30 09:14:07 - worker.ray_recieve_service - INFO - Receiving transcription messages
2026-06-30 09:14:27 - worker.ray_recieve_service - INFO - Receiving transcription messages
2026-06-30 09:14:47 - worker.ray_recieve_service - INFO - Receiving transcription messages
2026-06-30 09:15:07 - worker.ray_recieve_service - INFO - Receiving transcription messages
2026-06-30 09:15:27 - worker.ray_recieve_service - INFO - Receiving transcription messages
2026-06-30 09:15:47 - worker.ray_recieve_service - INFO - Receiving transcription messages
2026-06-30 09:16:07 - worker.ray_recieve_service - INFO - Receiving transcription messages
2026-06-30 09:16:27 - worker.ray_recieve_service - INFO - Receiving transcription messages
2026-06-30 09:16:47 - worker.ray_recieve_service - INFO - Receiving transcription messages
2026-06-30 09:17:07 - worker.ray_recieve_service - INFO - Receiving transcription messages
2026-06-30 09:17:27 - worker.ray_recieve_service - INFO - Receiving transcription messages
2026-06-30 09:17:47 - worker.ray_recieve_service - INFO - Receiving transcription messages
2026-06-30 09:18:07 - worker.ray_recieve_service - INFO - Receiving transcription messages
2026-06-30 09:18:27 - worker.ray_recieve_service - INFO - Receiving transcription messages
2026-06-30 09:18:47 - worker.ray_recieve_service - INFO - Receiving transcription messages
2026-06-30 09:19:07 - worker.ray_recieve_service - INFO - Receiving transcription messages
2026-06-30 09:19:27 - worker.ray_recieve_service - INFO - Receiving transcription messages
2026-06-30 09:19:47 - worker.ray_recieve_service - INFO - Receiving transcription messages
2026-06-30 09:20:07 - worker.ray_recieve_service - INFO - Receiving transcription messages
2026-06-30 09:20:27 - worker.ray_recieve_service - INFO - Receiving transcription messages
2026-06-30 09:20:47 - worker.ray_recieve_service - INFO - Receiving transcription messages
2026-06-30 09:21:07 - worker.ray_recieve_service - INFO - Receiving transcription messages
2026-06-30 09:21:27 - worker.ray_recieve_service - INFO - Receiving transcription messages
2026-06-30 09:21:47 - worker.ray_recieve_service - INFO - Receiving transcription messages
2026-06-30 09:22:07 - worker.ray_recieve_service - INFO - Receiving transcription messages
2026-06-30 09:22:27 - worker.ray_recieve_service - INFO - Receiving transcription messages
2026-06-30 09:22:47 - worker.ray_recieve_service - INFO - Receiving transcription messages
2026-06-30 09:23:07 - worker.ray_recieve_service - INFO - Receiving transcription messages
2026-06-30 09:23:27 - worker.ray_recieve_service - INFO - Receiving transcription messages
2026-06-30 09:23:47 - worker.ray_recieve_service - INFO - Receiving transcription messages
2026-06-30 09:24:07 - worker.ray_recieve_service - INFO - Receiving transcription messages
2026-06-30 09:24:27 - worker.ray_recieve_service - INFO - Receiving transcription messages
2026-06-30 09:24:47 - worker.ray_recieve_service - INFO - Receiving transcription messages
2026-06-30 09:25:07 - worker.ray_recieve_service - INFO - Receiving transcription messages
2026-06-30 09:25:27 - worker.ray_recieve_service - INFO - Receiving transcription messages
2026-06-30 09:25:47 - worker.ray_recieve_service - INFO - Receiving transcription messages
2026-06-30 09:26:07 - worker.ray_recieve_service - INFO - Receiving transcription messages
2026-06-30 09:26:27 - worker.ray_recieve_service - INFO - Receiving transcription messages
2026-06-30 09:26:47 - worker.ray_recieve_service - INFO - Receiving transcription messages
2026-06-30 09:27:07 - worker.ray_recieve_service - INFO - Receiving transcription messages
2026-06-30 09:27:27 - worker.ray_recieve_service - INFO - Receiving transcription messages
2026-06-30 09:27:47 - worker.ray_recieve_service - INFO - Receiving transcription messages
2026-06-30 09:28:07 - worker.ray_recieve_service - INFO - Receiving transcription messages
2026-06-30 09:28:27 - worker.ray_recieve_service - INFO - Receiving transcription messages
2026-06-30 09:28:47 - worker.ray_recieve_service - INFO - Receiving transcription messages
2026-06-30 09:29:07 - worker.ray_recieve_service - INFO - Receiving transcription messages
2026-06-30 09:29:27 - worker.ray_recieve_service - INFO - Receiving transcription messages
2026-06-30 09:29:47 - worker.ray_recieve_service - INFO - Receiving transcription messages
2026-06-30 09:30:07 - worker.ray_recieve_service - INFO - Receiving transcription messages
2026-06-30 09:30:27 - worker.ray_recieve_service - INFO - Receiving transcription messages
2026-06-30 09:30:47 - worker.ray_recieve_service - INFO - Receiving transcription messages
2026-06-30 09:31:07 - worker.ray_recieve_service - INFO - Receiving transcription messages
2026-06-30 09:31:27 - worker.ray_recieve_service - INFO - Receiving transcription messages
2026-06-30 09:31:47 - worker.ray_recieve_service - INFO - Receiving transcription messages
2026-06-30 09:32:07 - worker.ray_recieve_service - INFO - Receiving transcription messages
2026-06-30 09:32:27 - worker.ray_recieve_service - INFO - Receiving transcription messages
2026-06-30 09:32:47 - worker.ray_recieve_service - INFO - Receiving transcription messages
2026-06-30 09:33:07 - worker.ray_recieve_service - INFO - Receiving transcription messages
2026-06-30 09:33:27 - worker.ray_recieve_service - INFO - Receiving transcription messages
2026-06-30 09:33:47 - worker.ray_recieve_service - INFO - Receiving transcription messages
2026-06-30 09:34:07 - worker.ray_recieve_service - INFO - Receiving transcription messages
2026-06-30 09:34:27 - worker.ray_recieve_service - INFO - Receiving transcription messages
2026-06-30 09:34:47 - worker.ray_recieve_service - INFO - Receiving transcription messages
2026-06-30 09:35:07 - worker.ray_recieve_service - INFO - Receiving transcription messages
2026-06-30 09:35:27 - worker.ray_recieve_service - INFO - Receiving transcription messages
2026-06-30 09:35:47 - worker.ray_recieve_service - INFO - Receiving transcription messages
2026-06-30 09:36:07 - worker.ray_recieve_service - INFO - Receiving transcription messages
2026-06-30 09:36:27 - worker.ray_recieve_service - INFO - Receiving transcription messages
2026-06-30 09:36:47 - worker.ray_recieve_service - INFO - Receiving transcription messages
2026-06-30 09:37:07 - worker.ray_recieve_service - INFO - Receiving transcription messages
2026-06-30 09:37:27 - worker.ray_recieve_service - INFO - Receiving transcription messages
2026-06-30 09:37:47 - worker.ray_recieve_service - INFO - Receiving transcription messages
2026-06-30 09:38:07 - worker.ray_recieve_service - INFO - Receiving transcription messages
2026-06-30 09:38:27 - worker.ray_recieve_service - INFO - Receiving transcription messages
2026-06-30 09:38:47 - worker.ray_recieve_service - INFO - Receiving transcription messages
2026-06-30 09:39:07 - worker.ray_recieve_service - INFO - Receiving transcription messages
2026-06-30 09:39:27 - worker.ray_recieve_service - INFO - Receiving transcription messages
2026-06-30 09:39:47 - worker.ray_recieve_service - INFO - Receiving transcription messages
2026-06-30 09:40:07 - worker.ray_recieve_service - INFO - Receiving transcription messages
2026-06-30 09:40:27 - worker.ray_recieve_service - INFO - Receiving transcription messages
2026-06-30 09:40:47 - worker.ray_recieve_service - INFO - Receiving transcription messages
2026-06-30 09:41:07 - worker.ray_recieve_service - INFO - Receiving transcription messages
2026-06-30 09:41:27 - worker.ray_recieve_service - INFO - Receiving transcription messages
2026-06-30 09:41:48 - worker.ray_recieve_service - INFO - Receiving transcription messages
2026-06-30 09:42:08 - worker.ray_recieve_service - INFO - Receiving transcription messages
